Date,E 00:00:00,A 00:00:00,E 01:00:00,A 01:00:00,E 02:00:00,A 02:00:00,E 03:00:00,A 03:00:00,E 04:00:00,A 04:00:00,E 05:00:00,A 05:00:00,E 06:00:00,A 06:00:00,E 07:00:00,A 07:00:00,E 08:00:00,A 08:00:00,E 09:00:00,A 09:00:00,E 10:00:00,A 10:00:00,E 11:00:00,A 11:00:00,E 12:00:00,A 12:00:00,E 13:00:00,A 13:00:00,E 14:00:00,A 14:00:00,E 15:00:00,A 15:00:00,E 16:00:00,A 16:00:00,E 17:00:00,A 17:00:00,E 18:00:00,A 18:00:00,E 19:00:00,A 19:00:00,E 20:00:00,A 20:00:00,E 21:00:00,A 21:00:00,E 22:00:00,A 22:00:00,E 23:00:00,A 23:00:00,
2024-01-01,--,--,--,--,--,--,--,--,--,--,--,--,--,--,--,--,--,--,0.88,131.06,7.13,143.39,11.75,156.57,14.36,170.48,14.75,184.72,12.88,198.80,8.91,212.26,3.17,224.88,--,--,--,--,--,--,--,--,--,--,--,--,--,--,
2024-01-02,--,--,--,--,--,--,--,--,--,--,--,--,--,--,--,--,--,--,0.90,130.92,7.17,143.25,11.80,156.44,14.43,170.36,14.84,184.62,12.98,198.71,9.03,212.19,3.30,224.83,--,--,--,--,--,--,--,--,--,--,--,--,--,--,
2024-01-03,--,--,--,--,--,--,--,--,--,--,--,--,--,--,--,--,--,--,0.92,130.78,7.21,143.12,11.86,156.31,14.51,170.23,14.94,184.51,13.10,198.62,9.15,212.12,3.43,224.78,--,--,--,--,--,--,--,--,--,--,--,--,--,--,
2024-01-04,--,--,--,--,--,--,--,--,--,--,--,--,--,--,--,--,--,--,0.95,130.64,7.26,142.98,11.92,156.18,14.60,170.11,15.04,184.41,13.22,198.54,9.28,212.06,3.57,224.73,--,--,--,--,--,--,--,--,--,--,--,--,--,--,
2024-01-05,--,--,--,--,--,--,--,--,--,--,--,--,--,--,--,--,--,--,0.99,130.50,7.31,142.84,12.00,156.05,14.69,169.99,15.16,184.31,13.34,198.46,9.42,212.00,3.71,224.69,--,--,--,--,--,--,--,--,--,--,--,--,--,--,
2024-01-06,--,--,--,--,--,--,--,--,--,--,--,--,--,--,--,--,--,--,1.04,130.35,7.37,142.70,12.08,155.91,14.79,169.88,15.28,184.21,13.48,198.38,9.56,211.94,3.86,224.65,--,--,--,--,--,--,--,--,--,--,--,--,--,--,
2024-01-07,--,--,--,--,--,--,--,--,--,--,--,--,--,--,--,--,--,--,1.09,130.20,7.44,142.56,12.17,155.78,14.90,169.76,15.40,184.11,13.62,198.31,9.71,211.89,4.02,224.62,--,--,--,--,--,--,--,--,--,--,--,--,--,--,
2024-01-08,--,--,--,--,--,--,--,--,--,--,--,--,--,--,--,--,--,--,1.15,130.05,7.52,142.41,12.27,155.65,15.02,169.64,15.54,184.01,13.76,198.23,9.87,211.84,4.18,224.59,--,--,--,--,--,--,--,--,--,--,--,--,--,--,
2024-01-09,--,--,--,--,--,--,--,--,--,--,--,--,--,--,--,--,--,--,1.21,129.90,7.60,142.27,12.37,155.51,15.14,169.52,15.68,183.92,13.92,198.16,10.03,211.80,4.35,224.57,--,--,--,--,--,--,--,--,--,--,--,--,--,--,
2024-01-10,--,--,--,--,--,--,--,--,--,--,--,--,--,--,--,--,--,--,1.29,129.74,7.70,142.12,12.48,155.38,15.27,169.41,15.82,183.82,14.08,198.10,10.20,211.76,4.52,224.55,--,--,--,--,--,--,--,--,--,--,--,--,--,--,
2024-01-11,--,--,--,--,--,--,--,--,--,--,--,--,--,--,--,--,--,--,1.37,129.59,7.80,141.97,12.60,155.24,15.41,169.29,15.98,183.73,14.25,198.04,10.38,211.72,4.70,224.54,--,--,--,--,--,--,--,--,--,--,--,--,--,--,
2024-01-12,--,--,--,--,--,--,--,--,--,--,--,--,--,--,--,--,--,--,1.46,129.43,7.90,141.82,12.72,155.11,15.56,169.18,16.14,183.65,14.42,197.98,10.56,211.69,4.88,224.53,--,--,--,--,--,--,--,--,--,--,--,--,--,--,
2024-01-13,--,--,--,--,--,--,--,--,--,--,--,--,--,--,--,--,--,--,1.55,129.27,8.01,141.67,12.86,154.97,15.71,169.06,16.31,183.56,14.60,197.92,10.74,211.66,5.07,224.53,--,--,--,--,--,--,--,--,--,--,--,--,--,--,
2024-01-14,--,--,--,--,--,--,--,--,--,--,--,--,--,--,--,--,--,--,1.65,129.10,8.13,141.52,13.00,154.84,15.87,168.95,16.48,183.48,14.78,197.87,10.93,211.64,5.26,224.54,--,--,--,--,--,--,--,--,--,--,--,--,--,--,
2024-01-15,--,--,--,--,--,--,--,--,--,--,--,--,--,--,--,--,--,--,1.76,128.94,8.26,141.37,13.14,154.70,16.03,168.84,16.67,183.40,14.98,197.82,11.13,211.63,5.46,224.55,--,--,--,--,--,--,--,--,--,--,--,--,--,--,
2024-01-16,--,--,--,--,--,--,--,--,--,--,--,--,--,--,--,--,--,--,1.88,128.78,8.40,141.22,13.30,154.57,16.21,168.73,16.85,183.32,15.18,197.78,11.33,211.61,5.66,224.56,--,--,--,--,--,--,--,--,--,--,--,--,--,--,
2024-01-17,--,--,--,--,--,--,--,--,--,--,--,--,--,--,--,--,--,--,2.00,128.61,8.54,141.06,13.46,154.44,16.39,168.62,17.05,183.24,15.38,197.74,11.54,211.60,5.87,224.58,--,--,--,--,--,--,--,--,--,--,--,--,--,--,
2024-01-18,--,--,--,--,--,--,--,--,--,--,--,--,--,--,--,--,--,--,2.13,128.44,8.69,140.91,13.63,154.30,16.57,168.52,17.25,183.17,15.59,197.70,11.76,211.60,6.08,224.60,--,--,--,--,--,--,--,--,--,--,--,--,--,--,
2024-01-19,--,--,--,--,--,--,--,--,--,--,--,--,--,--,--,--,--,--,2.27,128.27,8.84,140.76,13.80,154.17,16.77,168.41,17.46,183.10,15.81,197.67,11.97,211.60,6.30,224.63,-0.82,236.78,--,--,--,--,--,--,--,--,--,--,--,--,
2024-01-20,--,--,--,--,--,--,--,--,--,--,--,--,--,--,--,--,--,--,2.41,128.10,9.00,140.60,13.99,154.04,16.97,168.31,17.67,183.03,16.03,197.64,12.20,211.61,6.52,224.67,-0.60,236.83,--,--,--,--,--,--,--,--,--,--,--,--,
2024-01-21,--,--,--,--,--,--,--,--,--,--,--,--,--,--,--,--,--,--,2.56,127.93,9.17,140.45,14.17,153.90,17.17,168.21,17.89,182.97,16.26,197.62,12.43,211.62,6.74,224.71,-0.38,236.90,--,--,--,--,--,--,--,--,--,--,--,--,
2024-01-22,--,--,--,--,--,--,--,--,--,--,--,--,--,--,--,--,--,--,2.72,127.76,9.35,140.29,14.37,153.77,17.39,168.11,18.12,182.91,16.49,197.60,12.66,211.64,6.97,224.75,-0.16,236.96,--,--,--,--,--,--,--,--,--,--,--,--,
2024-01-23,--,--,--,--,--,--,--,--,--,--,--,--,--,--,--,--,--,--,2.89,127.59,9.53,140.14,14.57,153.64,17.61,168.01,18.35,182.85,16.73,197.58,12.90,211.66,7.21,224.80,0.07,237.04,--,--,--,--,--,--,--,--,--,--,--,--,
2024-01-24,--,--,--,--,--,--,--,--,--,--,--,--,--,--,--,--,--,--,3.06,127.41,9.72,139.98,14.78,153.51,17.83,167.91,18.59,182.80,16.97,197.57,13.14,211.68,7.45,224.86,0.30,237.12,--,--,--,--,--,--,--,--,--,--,--,--,
2024-01-25,--,--,--,--,--,--,--,--,--,--,--,--,--,--,--,--,--,--,3.23,127.24,9.92,139.83,14.99,153.38,18.07,167.82,18.83,182.74,17.22,197.56,13.39,211.71,7.69,224.92,0.54,237.21,--,--,--,--,--,--,--,--,--,--,--,--,
2024-01-26,--,--,--,--,--,--,--,--,--,--,--,--,--,--,--,--,--,--,3.42,127.07,10.12,139.67,15.22,153.25,18.30,167.73,19.08,182.70,17.47,197.55,13.64,211.75,7.93,224.99,0.77,237.30,--,--,--,--,--,--,--,--,--,--,--,--,
2024-01-27,--,--,--,--,--,--,--,--,--,--,--,--,--,--,--,--,--,--,3.61,126.89,10.33,139.52,15.44,153.13,18.55,167.64,19.34,182.65,17.73,197.55,13.90,211.79,8.18,225.06,1.02,237.39,--,--,--,--,--,--,--,--,--,--,--,--,
2024-01-28,--,--,--,--,--,--,--,--,--,--,--,--,--,--,--,--,--,--,3.80,126.72,10.54,139.36,15.68,153.00,18.80,167.55,19.60,182.61,18.00,197.56,14.16,211.84,8.43,225.14,1.26,237.50,--,--,--,--,--,--,--,--,--,--,--,--,
2024-01-29,--,--,--,--,--,--,--,--,--,--,--,--,--,--,--,--,--,--,4.00,126.54,10.76,139.21,15.92,152.88,19.05,167.47,19.87,182.57,18.26,197.57,14.42,211.89,8.69,225.23,1.51,237.61,--,--,--,--,--,--,--,--,--,--,--,--,
2024-01-30,--,--,--,--,--,--,--,--,--,--,--,--,--,--,--,--,--,--,4.21,126.36,10.99,139.05,16.16,152.75,19.31,167.38,20.14,182.53,18.54,197.58,14.69,211.94,8.95,225.31,1.76,237.72,--,--,--,--,--,--,--,--,--,--,--,--,
2024-01-31,--,--,--,--,--,--,--,--,--,--,--,--,--,--,--,--,--,--,4.43,126.19,11.22,138.90,16.41,152.63,19.58,167.30,20.41,182.50,18.82,197.60,14.96,212.00,9.21,225.41,2.01,237.84,--,--,--,--,--,--,--,--,--,--,--,--,
2024-02-01,--,--,--,--,--,--,--,--,--,--,--,--,--,--,--,--,--,--,4.65,126.01,11.46,138.75,16.67,152.51,19.85,167.22,20.69,182.47,19.10,197.62,15.24,212.07,9.48,225.51,2.26,237.96,--,--,--,--,--,--,--,--,--,--,--,--,
2024-02-02,--,--,--,--,--,--,--,--,--,--,--,--,--,--,--,--,--,--,4.87,125.84,11.70,138.59,16.93,152.39,20.13,167.15,20.98,182.45,19.38,197.65,15.52,212.14,9.75,225.61,2.52,238.09,--,--,--,--,--,--,--,--,--,--,--,--,
2024-02-03,--,--,--,--,--,--,--,--,--,--,--,--,--,--,--,--,--,--,5.11,125.66,11.95,138.44,17.20,152.27,20.42,167.07,21.27,182.43,19.67,197.68,15.80,212.22,10.02,225.72,2.78,238.23,--,--,--,--,--,--,--,--,--,--,--,--,
2024-02-04,--,--,--,--,--,--,--,--,--,--,--,--,--,--,--,--,--,--,5.35,125.48,12.21,138.29,17.48,152.15,20.70,167.00,21.57,182.41,19.97,197.71,16.09,212.30,10.29,225.84,3.04,238.37,--,--,--,--,--,--,--,--,--,--,--,--,
2024-02-05,--,--,--,--,--,--,--,--,--,--,--,--,--,--,--,--,--,--,5.59,125.31,12.47,138.14,17.76,152.03,21.00,166.93,21.87,182.39,20.27,197.75,16.38,212.38,10.57,225.96,3.30,238.52,--,--,--,--,--,--,--,--,--,--,--,--,
2024-02-06,--,--,--,--,--,--,--,--,--,--,--,--,--,--,--,--,--,--,5.84,125.13,12.74,137.99,18.04,151.92,21.30,166.86,22.17,182.38,20.57,197.80,16.67,212.47,10.85,226.09,3.57,238.67,--,--,--,--,--,--,--,--,--,--,--,--,
2024-02-07,--,--,--,--,--,--,--,--,--,--,--,--,--,--,--,--,--,--,6.09,124.96,13.01,137.84,18.33,151.81,21.60,166.80,22.48,182.37,20.88,197.85,16.97,212.57,11.13,226.22,3.84,238.82,--,--,--,--,--,--,--,--,--,--,--,--,
2024-02-08,--,--,--,--,--,--,--,--,--,--,--,--,--,--,--,--,--,--,6.35,124.78,13.29,137.69,18.62,151.69,21.91,166.74,22.80,182.37,21.19,197.90,17.26,212.67,11.42,226.36,4.11,238.99,--,--,--,--,--,--,--,--,--,--,--,--,
2024-02-09,--,--,--,--,--,--,--,--,--,--,--,--,--,--,--,--,--,--,6.62,124.60,13.57,137.54,18.92,151.58,22.22,166.68,23.12,182.37,21.50,197.96,17.57,212.78,11.70,226.50,4.38,239.15,--,--,--,--,--,--,--,--,--,--,--,--,
2024-02-10,--,--,--,--,--,--,--,--,--,--,--,--,--,--,--,--,--,--,6.89,124.43,13.86,137.39,19.23,151.47,22.54,166.62,23.44,182.37,21.82,198.02,17.87,212.89,11.99,226.64,4.65,239.32,--,--,--,--,--,--,--,--,--,--,--,--,
2024-02-11,--,--,--,--,--,--,--,--,--,--,--,--,--,--,--,--,--,--,7.16,124.26,14.15,137.24,19.54,151.37,22.86,166.56,23.76,182.38,22.14,198.08,18.18,213.00,12.28,226.80,4.93,239.50,--,--,--,--,--,--,--,--,--,--,--,--,
2024-02-12,--,--,--,--,--,--,--,--,--,--,--,--,--,--,--,--,-0.69,111.97,7.44,124.08,14.45,137.10,19.85,151.26,23.19,166.51,24.09,182.39,22.46,198.15,18.49,213.12,12.58,226.95,5.21,239.68,--,--,--,--,--,--,--,--,--,--,--,--,
2024-02-13,--,--,--,--,--,--,--,--,--,--,--,--,--,--,--,--,-0.42,111.78,7.73,123.91,14.75,136.95,20.17,151.15,23.52,166.46,24.43,182.40,22.79,198.23,18.80,213.25,12.87,227.11,5.48,239.87,--,--,--,--,--,--,--,--,--,--,--,--,
2024-02-14,--,--,--,--,--,--,--,--,--,--,--,--,--,--,--,--,-0.14,111.59,8.02,123.73,15.06,136.81,20.49,151.05,23.85,166.41,24.76,182.42,23.12,198.31,19.11,213.38,13.17,227.28,5.76,240.06,--,--,--,--,--,--,--,--,--,--,--,--,
2024-02-15,--,--,--,--,--,--,--,--,--,--,--,--,--,--,--,--,0.14,111.39,8.31,123.56,15.37,136.66,20.82,150.95,24.19,166.37,25.10,182.44,23.45,198.39,19.43,213.51,13.46,227.45,6.04,240.26,--,--,--,--,--,--,--,--,--,--,--,--,
2024-02-16,--,--,--,--,--,--,--,--,--,--,--,--,--,--,--,--,0.42,111.20,8.61,123.39,15.68,136.52,21.15,150.85,24.53,166.32,25.45,182.46,23.79,198.48,19.75,213.65,13.76,227.63,6.33,240.46,--,--,--,--,--,--,--,--,--,--,--,--,
2024-02-17,--,--,--,--,--,--,--,--,--,--,--,--,--,--,--,--,0.71,111.01,8.92,123.22,16.00,136.38,21.49,150.75,24.88,166.28,25.79,182.49,24.12,198.57,20.07,213.80,14.06,227.81,6.61,240.66,--,--,--,--,--,--,--,--,--,--,--,--,
2024-02-18,--,--,--,--,--,--,--,--,--,--,--,--,--,--,--,--,1.01,110.82,9.22,123.05,16.33,136.23,21.83,150.65,25.23,166.24,26.14,182.52,24.46,198.67,20.39,213.95,14.37,227.99,6.89,240.87,--,--,--,--,--,--,--,--,--,--,--,--,
2024-02-19,--,--,--,--,--,--,--,--,--,--,--,--,--,--,--,--,1.30,110.63,9.53,122.88,16.65,136.09,22.17,150.56,25.58,166.21,26.50,182.55,24.81,198.77,20.72,214.10,14.67,228.19,7.18,241.09,--,--,--,--,--,--,--,--,--,--,--,--,
2024-02-20,--,--,--,--,--,--,--,--,--,--,--,--,--,--,--,--,1.61,110.44,9.85,122.70,16.98,135.95,22.52,150.46,25.94,166.18,26.85,182.59,25.15,198.88,21.04,214.26,14.97,228.38,7.46,241.30,--,--,--,--,--,--,--,--,--,--,--,--,
2024-02-21,--,--,--,--,--,--,--,--,--,--,--,--,--,--,--,--,1.91,110.25,10.17,122.54,17.32,135.81,22.87,150.37,26.30,166.14,27.21,182.63,25.50,198.99,21.37,214.42,15.28,228.58,7.75,241.53,-0.74,253.61,--,--,--,--,--,--,--,--,--,--,
2024-02-22,--,--,--,--,--,--,--,--,--,--,--,--,--,--,--,--,2.22,110.06,10.49,122.37,17.66,135.68,23.22,150.28,26.66,166.12,27.57,182.68,25.85,199.10,21.70,214.59,15.59,228.78,8.04,241.75,-0.47,253.85,--,--,--,--,--,--,--,--,--,--,
2024-02-23,--,--,--,--,--,--,--,--,--,--,--,--,--,--,--,--,2.54,109.87,10.82,122.20,18.00,135.54,23.58,150.19,27.02,166.09,27.94,182.73,26.20,199.22,22.03,214.76,15.89,228.99,8.32,241.98,-0.20,254.10,--,--,--,--,--,--,--,--,--,--,
2024-02-24,--,--,--,--,--,--,--,--,--,--,--,--,--,--,--,--,2.85,109.68,11.15,122.03,18.34,135.40,23.94,150.10,27.39,166.07,28.31,182.78,26.55,199.34,22.36,214.94,16.20,229.20,8.61,242.22,0.08,254.35,--,--,--,--,--,--,--,--,--,--,
2024-02-25,--,--,--,--,--,--,--,--,--,--,--,--,--,--,--,--,3.17,109.49,11.48,121.86,18.69,135.27,24.30,150.01,27.76,166.04,28.67,182.83,26.91,199.46,22.69,215.12,16.51,229.42,8.90,242.45,0.35,254.60,--,--,--,--,--,--,--,--,--,--,
2024-02-26,--,--,--,--,--,--,--,--,--,--,--,--,--,--,--,--,3.50,109.31,11.82,121.69,19.04,135.13,24.66,149.92,28.14,166.02,29.04,182.89,27.26,199.60,23.03,215.30,16.82,229.64,9.19,242.70,0.62,254.86,--,--,--,--,--,--,--,--,--,--,
2024-02-27,--,--,--,--,--,--,--,--,--,--,--,--,--,--,--,--,3.82,109.12,12.16,121.53,19.40,135.00,25.03,149.84,28.51,166.01,29.42,182.95,27.62,199.73,23.36,215.49,17.13,229.86,9.48,242.94,0.90,255.11,--,--,--,--,--,--,--,--,--,--,
2024-02-28,--,--,--,--,--,--,--,--,--,--,--,--,--,--,--,--,4.15,108.93,12.50,121.36,19.76,134.86,25.40,149.75,28.89,165.99,29.79,183.02,27.98,199.87,23.70,215.69,17.44,230.09,9.77,243.19,1.17,255.38,--,--,--,--,--,--,--,--,--,--,
2024-02-29,--,--,--,--,--,--,--,--,--,--,--,--,--,--,--,--,4.49,108.75,12.84,121.20,20.12,134.73,25.78,149.67,29.27,165.98,30.17,183.08,28.34,200.01,24.03,215.88,17.75,230.32,10.06,243.44,1.45,255.64,--,--,--,--,--,--,--,--,--,--,
2024-03-01,--,--,--,--,--,--,--,--,--,--,--,--,--,--,--,--,4.82,108.56,13.19,121.03,20.48,134.60,26.15,149.59,29.66,165.97,30.55,183.15,28.70,200.16,24.37,216.09,18.06,230.56,10.35,243.70,1.72,255.91,--,--,--,--,--,--,--,--,--,--,
2024-03-02,--,--,--,--,--,--,--,--,--,--,--,--,--,--,--,--,5.16,108.38,13.54,120.87,20.84,134.46,26.53,149.51,30.04,165.96,30.93,183.23,29.06,200.31,24.71,216.29,18.38,230.80,10.64,243.96,2.00,256.18,--,--,--,--,--,--,--,--,--,--,
2024-03-03,--,--,--,--,--,--,--,--,--,--,--,--,--,--,--,--,5.50,108.19,13.89,120.70,21.21,134.33,26.91,149.43,30.43,165.95,31.31,183.30,29.43,200.46,25.05,216.50,18.69,231.04,10.93,244.22,2.28,256.45,--,--,--,--,--,--,--,--,--,--,
2024-03-04,--,--,--,--,--,--,--,--,--,--,--,--,--,--,--,--,5.85,108.01,14.25,120.54,21.58,134.20,27.30,149.35,30.82,165.95,31.69,183.38,29.79,200.62,25.38,216.71,19.00,231.29,11.22,244.48,2.55,256.73,--,--,--,--,--,--,--,--,--,--,
2024-03-05,--,--,--,--,--,--,--,--,--,--,--,--,--,--,--,--,6.19,107.83,14.61,120.37,21.95,134.07,27.68,149.27,31.21,165.95,32.08,183.47,30.16,200.78,25.72,216.93,19.31,231.54,11.51,244.75,2.83,257.01,--,--,--,--,--,--,--,--,--,--,
2024-03-06,--,--,--,--,--,--,--,--,--,--,--,--,--,--,--,--,6.54,107.64,14.96,120.21,22.32,133.94,28.07,149.20,31.60,165.94,32.46,183.55,30.52,200.94,26.06,217.15,19.62,231.79,11.80,245.02,3.10,257.29,--,--,--,--,--,--,--,--,--,--,
2024-03-07,--,--,--,--,--,--,--,--,--,--,--,--,--,--,--,--,6.89,107.46,15.32,120.05,22.70,133.81,28.46,149.12,32.00,165.94,32.85,183.64,30.89,201.11,26.40,217.37,19.93,232.05,12.08,245.30,3.38,257.57,--,--,--,--,--,--,--,--,--,--,
2024-03-08,--,--,--,--,--,--,--,--,--,--,--,--,--,--,--,--,7.24,107.28,15.69,119.88,23.08,133.68,28.84,149.05,32.39,165.95,33.24,183.73,31.26,201.28,26.74,217.60,20.24,232.31,12.37,245.57,3.65,257.85,--,--,--,--,--,--,--,--,--,--,
2024-03-09,--,--,--,--,--,--,--,--,--,--,--,--,--,--,--,--,7.59,107.10,16.05,119.72,23.45,133.55,29.24,148.97,32.79,165.95,33.63,183.83,31.62,201.45,27.08,217.83,20.56,232.57,12.66,245.85,3.92,258.14,--,--,--,--,--,--,--,--,--,--,
2024-03-10,--,--,--,--,--,--,--,--,--,--,--,--,--,--,--,--,7.95,106.92,16.42,119.56,23.83,133.42,29.63,148.90,33.18,165.96,34.02,183.92,31.99,201.63,27.42,218.07,20.87,232.84,12.95,246.13,4.20,258.43,--,--,--,--,--,--,--,--,--,--,
2024-03-11,--,--,--,--,--,--,--,--,--,--,--,--,--,--,-0.75,94.77,8.30,106.74,16.78,119.40,24.21,133.30,30.02,148.83,33.58,165.96,34.41,184.02,32.36,201.81,27.75,218.30,21.18,233.10,13.24,246.42,4.47,258.72,--,--,--,--,--,--,--,--,--,--,
2024-03-12,--,--,--,--,--,--,--,--,--,--,--,--,--,--,-0.40,94.58,8.66,106.56,17.15,119.24,24.60,133.17,30.42,148.75,33.98,165.97,34.80,184.13,32.73,202.00,28.09,218.54,21.49,233.38,13.53,246.70,4.75,259.01,--,--,--,--,--,--,--,--,--,--,
2024-03-13,--,--,--,--,--,--,--,--,--,--,--,--,--,--,-0.04,94.39,9.02,106.38,17.52,119.07,24.98,133.04,30.81,148.68,34.38,165.98,35.19,184.23,33.09,202.19,28.43,218.79,21.79,233.65,13.81,246.99,5.02,259.31,--,--,--,--,--,--,--,--,--,--,
2024-03-14,--,--,--,--,--,--,--,--,--,--,--,--,--,--,0.31,94.21,9.38,106.20,17.89,118.91,25.36,132.91,31.21,148.61,34.78,165.99,35.58,184.34,33.46,202.38,28.77,219.03,22.10,233.92,14.10,247.28,5.29,259.60,--,--,--,--,--,--,--,--,--,--,
2024-03-15,--,--,--,--,--,--,--,--,--,--,--,--,--,--,0.67,94.02,9.74,106.02,18.26,118.75,25.75,132.78,31.60,148.54,35.18,166.01,35.97,184.45,33.83,202.57,29.10,219.28,22.41,234.20,14.38,247.57,5.56,259.90,--,--,--,--,--,--,--,--,--,--,
2024-03-16,--,--,--,--,--,--,--,--,--,--,--,--,--,--,1.02,93.83,10.10,105.84,18.63,118.59,26.13,132.65,32.00,148.47,35.59,166.02,36.36,184.56,34.20,202.77,29.44,219.53,22.72,234.48,14.67,247.86,5.84,260.19,--,--,--,--,--,--,--,--,--,--,
2024-03-17,--,--,--,--,--,--,--,--,--,--,--,--,--,--,1.38,93.65,10.46,105.66,19.00,118.43,26.52,132.53,32.40,148.40,35.99,166.04,36.75,184.67,34.56,202.97,29.78,219.79,23.02,234.77,14.95,248.16,6.11,260.49,--,--,--,--,--,--,--,--,--,--,
2024-03-18,--,--,--,--,--,--,--,--,--,--,--,--,--,--,1.73,93.46,10.82,105.48,19.37,118.26,26.90,132.40,32.80,148.33,36.39,166.05,37.14,184.79,34.93,203.17,30.11,220.05,23.33,235.05,15.23,248.45,6.38,260.79,--,--,--,--,--,--,--,--,--,--,
2024-03-19,--,--,--,--,--,--,--,--,--,--,--,--,--,--,2.09,93.28,11.18,105.30,19.75,118.10,27.29,132.27,33.19,148.26,36.79,166.07,37.53,184.91,35.29,203.37,30.45,220.30,23.63,235.34,15.52,248.75,6.65,261.09,--,--,--,--,--,--,--,--,--,--,
2024-03-20,--,--,--,--,--,--,--,--,--,--,--,--,--,--,2.45,93.09,11.55,105.13,20.12,117.94,27.67,132.14,33.59,148.19,37.19,166.09,37.92,185.03,35.66,203.58,30.78,220.57,23.94,235.63,15.80,249.05,6.92,261.39,--,--,--,--,--,--,--,--,--,--,
2024-03-21,--,--,--,--,--,--,--,--,--,--,--,--,--,--,2.81,92.91,11.91,104.95,20.49,117.78,28.06,132.01,33.99,148.12,37.59,166.11,38.31,185.15,36.02,203.79,31.11,220.83,24.24,235.92,16.08,249.35,7.18,261.69,--,--,--,--,--,--,--,--,--,--,
2024-03-22,--,--,--,--,--,--,--,--,--,--,--,--,--,--,3.16,92.73,12.27,104.77,20.86,117.62,28.44,131.88,34.39,148.05,38.00,166.13,38.70,185.27,36.39,204.00,31.44,221.10,24.54,236.21,16.36,249.65,7.45,262.00,--,--,--,--,--,--,--,--,--,--,
2024-03-23,--,--,--,--,--,--,--,--,--,--,--,--,--,--,3.52,92.54,12.63,104.59,21.23,117.45,28.83,131.75,34.78,147.98,38.40,166.15,39.09,185.40,36.75,204.21,31.77,221.36,24.84,236.50,16.64,249.95,7.72,262.30,--,--,--,--,--,--,--,--,--,--,
2024-03-24,--,--,--,--,--,--,--,--,--,--,--,--,--,--,3.88,92.36,12.99,104.41,21.61,117.29,29.21,131.62,35.18,147.91,38.80,166.17,39.48,185.52,37.11,204.43,32.10,221.63,25.14,236.79,16.92,250.25,7.99,262.60,--,--,--,--,--,--,--,--,--,--,
2024-03-25,--,--,--,--,--,--,--,--,--,--,--,--,--,--,4.23,92.18,13.35,104.23,21.98,117.13,29.60,131.49,35.58,147.84,39.20,166.19,39.87,185.65,37.47,204.65,32.43,221.91,25.44,237.09,17.19,250.55,8.25,262.90,--,--,--,--,--,--,--,--,--,--,
2024-03-26,--,--,--,--,--,--,--,--,--,--,--,--,--,--,4.59,91.99,13.71,104.06,22.35,116.96,29.98,131.36,35.97,147.77,39.60,166.21,40.26,185.78,37.83,204.86,32.75,222.18,25.73,237.39,17.47,250.85,8.52,263.21,-0.67,275.09,--,--,--,--,--,--,--,--,
2024-03-27,--,--,--,--,--,--,--,--,--,--,--,--,--,--,4.95,91.81,14.07,103.88,22.71,116.80,30.36,131.23,36.37,147.70,39.99,166.24,40.64,185.91,38.19,205.09,33.08,222.45,26.03,237.68,17.74,251.16,8.78,263.51,-0.41,275.39,--,--,--,--,--,--,--,--,
2024-03-28,--,--,--,--,--,--,--,--,--,--,--,--,--,--,5.30,91.63,14.43,103.70,23.08,116.63,30.74,131.10,36.76,147.63,40.39,166.26,41.03,186.04,38.55,205.31,33.40,222.73,26.32,237.98,18.02,251.46,9.04,263.81,-0.14,275.69,--,--,--,--,--,--,--,--,
2024-03-29,--,--,--,--,--,--,--,--,--,--,--,--,--,--,5.65,91.45,14.79,103.52,23.45,116.47,31.12,130.96,37.15,147.56,40.79,166.28,41.41,186.18,38.90,205.53,33.73,223.01,26.62,238.28,18.29,251.76,9.30,264.11,0.12,275.98,--,--,--,--,--,--,--,--,
2024-03-30,--,--,--,--,--,--,--,--,--,--,--,--,--,--,6.01,91.27,15.14,103.34,23.81,116.30,31.50,130.83,37.54,147.49,41.18,166.30,41.79,186.31,39.26,205.76,34.05,223.29,26.91,238.58,18.56,252.07,9.56,264.41,0.38,276.28,--,--,--,--,--,--,--,--,
2024-03-31,--,--,--,--,--,--,--,--,--,--,--,--,--,--,15.50,103.16,24.18,116.14,31.88,130.69,37.93,147.41,41.58,166.33,42.17,186.45,39.61,205.99,34.36,223.56,27.20,238.88,18.83,252.37,9.82,264.71,0.64,276.58,-8.33,288.59,--,--,--,--,--,--,--,--,
2024-04-01,--,--,--,--,--,--,--,--,--,--,--,--,--,--,15.85,102.98,24.54,115.97,32.25,130.56,38.32,147.34,41.97,166.35,42.55,186.58,39.96,206.22,34.68,223.85,27.49,239.18,19.10,252.67,10.08,265.01,0.90,276.87,-8.06,288.87,--,--,--,--,--,--,--,--,
2024-04-02,--,--,--,--,--,--,--,--,--,--,--,--,--,--,16.20,102.81,24.90,115.80,32.63,130.42,38.71,147.26,42.36,166.37,42.93,186.72,40.31,206.45,35.00,224.13,27.77,239.48,19.36,252.97,10.34,265.31,1.16,277.16,-7.79,289.16,--,--,--,--,--,--,--,--,
2024-04-03,--,--,--,--,--,--,--,--,--,--,--,--,--,--,16.55,102.63,25.26,115.63,33.00,130.28,39.09,147.19,42.75,166.40,43.31,186.86,40.66,206.68,35.31,224.41,28.06,239.78,19.63,253.28,10.60,265.61,1.41,277.45,-7.52,289.44,--,--,--,--,--,--,--,--,
2024-04-04,--,--,--,--,--,--,--,--,--,--,--,--,--,--,16.90,102.45,25.62,115.47,33.37,130.15,39.48,147.11,43.14,166.42,43.68,187.00,41.00,206.91,35.62,224.69,28.34,240.08,19.89,253.58,10.85,265.90,1.67,277.74,-7.25,289.73,--,--,--,--,--,--,--,--,
2024-04-05,--,--,--,--,--,--,--,--,--,--,--,--,--,--,17.25,102.27,25.97,115.30,33.74,130.01,39.86,147.03,43.52,166.44,44.06,187.13,41.35,207.14,35.93,224.97,28.62,240.38,20.16,253.88,11.11,266.20,1.93,278.03,-6.99,290.01,--,--,--,--,--,--,--,--,
2024-04-06,--,--,--,--,--,--,--,--,--,--,--,--,8.43,90.01,17.59,102.09,26.32,115.13,34.10,129.86,40.24,146.95,43.91,166.46,44.43,187.27,41.69,207.37,36.24,225.26,28.90,240.68,20.42,254.18,11.36,266.49,2.18,278.32,-6.72,290.28,--,--,--,--,--,--,--,--,
2024-04-07,--,--,--,--,--,--,--,--,--,--,--,--,8.77,89.83,17.93,101.90,26.67,114.95,34.47,129.72,40.61,146.87,44.29,166.48,44.80,187.41,42.03,207.61,36.55,225.54,29.18,240.98,20.68,254.47,11.61,266.78,2.44,278.60,-6.45,290.56,--,--,--,--,--,--,--,--,
2024-04-08,--,--,--,--,--,--,--,--,--,--,--,--,9.10,89.65,18.27,101.72,27.02,114.78,34.83,129.58,40.99,146.79,44.67,166.50,45.16,187.55,42.37,207.84,36.85,225.82,29.46,241.27,20.94,254.77,11.86,267.07,2.69,278.89,-6.19,290.83,--,--,--,--,--,--,--,--,
2024-04-09,--,--,--,--,--,--,--,--,--,--,--,--,9.44,89.47,18.61,101.54,27.37,114.61,35.19,129.43,41.36,146.70,45.04,166.52,45.53,187.69,42.70,208.07,37.16,226.10,29.73,241.57,21.19,255.07,12.11,267.36,2.94,279.17,-5.93,291.10,--,--,--,--,--,--,--,--,
2024-04-10,--,--,--,--,--,--,--,--,--,--,--,--,9.77,89.29,18.94,101.36,27.71,114.44,35.54,129.29,41.73,146.62,45.42,166.53,45.89,187.83,43.04,208.31,37.46,226.39,30.01,241.87,21.45,255.36,12.36,267.65,3.19,279.44,-5.66,291.37,--,--,--,--,--,--,--,--,
2024-04-11,--,--,--,--,--,--,--,--,--,--,--,--,10.10,89.11,19.27,101.18,28.05,114.26,35.90,129.14,42.10,146.53,45.79,166.55,46.25,187.97,43.37,208.54,37.75,226.67,30.28,242.16,21.70,255.65,12.61,267.93,3.44,279.72,-5.40,291.64,--,--,--,--,--,--,--,--,
2024-04-12,--,--,--,--,--,--,--,--,--,--,--,--,10.42,88.93,19.60,101.00,28.39,114.09,36.25,128.99,42.46,146.44,46.16,166.56,46.61,188.10,43.70,208.77,38.05,226.95,30.55,242.46,21.96,255.94,12.86,268.22,3.69,279.99,-5.14,291.90,--,--,--,--,--,--,--,--,
2024-04-13,--,--,--,--,--,--,--,--,--,--,--,--,10.75,88.75,19.93,100.81,28.72,113.91,36.59,128.84,42.83,146.35,46.53,166.58,46.96,188.24,44.02,209.01,38.34,227.23,30.81,242.75,22.21,256.23,13.10,268.50,3.94,280.26,-4.88,292.16,--,--,--,--,--,--,--,--,
2024-04-14,--,--,--,--,--,--,--,--,--,--,--,--,11.07,88.57,20.25,100.63,29.05,113.73,36.94,128.69,43.18,146.26,46.89,166.59,47.32,188.38,44.35,209.24,38.64,227.51,31.08,243.04,22.46,256.52,13.34,268.78,4.19,280.53,-4.62,292.42,--,--,--,--,--,--,--,--,
2024-04-15,--,--,--,--,--,--,--,--,--,--,--,--,11.38,88.39,20.57,100.45,29.38,113.56,37.28,128.54,43.54,146.17,47.26,166.60,47.66,188.51,44.67,209.47,38.93,227.79,31.34,243.33,22.70,256.81,13.59,269.05,4.43,280.80,-4.37,292.67,--,--,--,--,--,--,--,--,
2024-04-16,--,--,--,--,--,--,--,--,--,--,--,--,11.70,88.21,20.88,100.26,29.70,113.38,37.62,128.38,43.89,146.07,47.61,166.61,48.01,188.65,44.99,209.70,39.21,228.06,31.60,243.62,22.95,257.09,13.83,269.32,4.68,281.06,-4.11,292.92,--,--,--,--,--,--,--,--,
2024-04-17,--,--,--,--,--,--,--,--,--,--,--,--,12.01,88.03,21.19,100.08,30.02,113.20,37.95,128.23,44.24,145.98,47.97,166.62,48.36,188.78,45.31,209.93,39.50,228.34,31.86,243.90,23.19,257.37,14.07,269.59,4.92,281.32,-3.86,293.17,--,--,--,--,--,--,--,--,
2024-04-18,--,--,--,--,--,--,--,--,--,--,--,--,12.31,87.85,21.50,99.89,30.34,113.02,38.28,128.07,44.59,145.88,48.32,166.62,48.70,188.91,45.62,210.16,39.78,228.61,32.12,244.19,23.44,257.65,14.30,269.86,5.16,281.58,-3.60,293.41,--,--,--,--,--,--,--,--,
2024-04-19,--,--,--,--,--,--,--,--,--,--,--,--,12.62,87.67,21.81,99.71,30.65,112.84,38.61,127.91,44.93,145.77,48.67,166.62,49.04,189.05,45.93,210.39,40.06,228.88,32.37,244.47,23.68,257.92,14.54,270.13,5.40,281.83,-3.35,293.65,--,--,--,--,--,--,--,--,
2024-04-20,--,--,--,--,--,--,--,--,--,--,--,--,12.92,87.49,22.11,99.52,30.96,112.65,38.93,127.75,45.27,145.67,49.02,166.63,49.37,189.18,46.24,210.62,40.33,229.15,32.63,244.75,23.91,258.19,14.77,270.39,5.64,282.08,-3.10,293.89,--,--,--,--,--,--,--,--,
2024-04-21,--,--,--,--,--,--,--,--,--,--,--,--,13.21,87.31,22.41,99.34,31.27,112.47,39.25,127.59,45.60,145.57,49.36,166.63,49.70,189.30,46.54,210.84,40.61,229.42,32.88,245.02,24.15,258.46,15.00,270.65,5.88,282.33,-2.85,294.13,--,--,--,--,--,--,--,--,
2024-04-22,--,--,--,--,--,--,--,--,--,--,--,--,13.50,87.13,22.70,99.15,31.57,112.29,39.56,127.42,45.93,145.46,49.70,166.62,50.03,189.43,46.85,211.06,40.88,229.69,33.13,245.30,24.39,258.73,15.24,270.90,6.11,282.57,-2.60,294.36,--,--,--,--,--,--,--,--,
2024-04-23,--,--,--,--,--,--,--,--,--,--,--,--,13.79,86.96,22.99,98.97,31.86,112.10,39.87,127.26,46.26,145.35,50.03,166.62,50.36,189.55,47.14,211.29,41.15,229.95,33.37,245.57,24.62,259.00,15.47,271.16,6.35,282.81,-2.36,294.58,--,--,--,--,--,--,--,--,
2024-04-24,--,--,--,--,--,--,--,--,--,--,--,--,14.07,86.78,23.27,98.78,32.16,111.92,40.18,127.09,46.58,145.24,50.37,166.61,50.68,189.68,47.44,211.50,41.42,230.21,33.62,245.84,24.85,259.26,15.69,271.41,6.58,283.05,-2.11,294.80,--,--,--,--,--,--,--,--,
2024-04-25,--,--,--,--,--,--,--,--,--,--,--,--,14.35,86.60,23.55,98.60,32.44,111.73,40.48,126.93,46.90,145.12,50.69,166.60,51.00,189.80,47.73,211.72,41.68,230.47,33.86,246.10,25.08,259.51,15.92,271.65,6.81,283.28,-1.87,295.02,--,--,--,--,--,--,--,--,
2024-04-26,--,--,--,--,--,--,--,--,--,--,--,--,14.63,86.42,23.83,98.41,32.73,111.55,40.78,126.76,47.21,145.00,51.02,166.59,51.31,189.91,48.02,211.94,41.94,230.73,34.10,246.36,25.31,259.77,16.14,271.89,7.04,283.51,-1.63,295.24,--,--,--,--,--,--,--,--,
2024-04-27,--,--,--,--,--,--,--,--,--,--,--,--,14.90,86.24,24.10,98.23,33.01,111.36,41.07,126.58,47.52,144.89,51.34,166.57,51.63,190.03,48.31,212.15,42.20,230.98,34.33,246.62,25.53,260.02,16.36,272.13,7.26,283.74,-1.39,295.45,--,--,--,--,--,--,--,--,
2024-04-28,--,--,--,--,--,--,--,--,--,--,--,--,15.17,86.07,24.37,98.04,33.28,111.17,41.36,126.41,47.83,144.76,51.65,166.55,51.93,190.14,48.59,212.36,42.46,231.23,34.57,246.88,25.75,260.27,16.58,272.37,7.49,283.96,-1.16,295.66,--,--,--,--,--,--,--,--,
2024-04-29,--,--,--,--,--,--,--,--,--,--,--,--,15.43,85.89,24.63,97.85,33.55,110.99,41.65,126.24,48.13,144.64,51.96,166.53,52.24,190.25,48.87,212.56,42.71,231.48,34.80,247.13,25.97,260.51,16.80,272.60,7.71,284.18,-0.92,295.86,--,--,--,--,--,--,--,--,
2024-04-30,--,--,--,--,--,--,--,--,--,--,--,--,15.69,85.71,24.89,97.67,33.82,110.80,41.92,126.06,48.42,144.51,52.27,166.51,52.54,190.36,49.15,212.77,42.96,231.72,35.03,247.38,26.19,260.75,17.02,272.82,7.93,284.39,-0.69,296.06,-8.47,308.32,--,--,--,--,--,--,
2024-05-01,--,--,--,--,--,--,--,--,--,--,--,--,15.94,85.54,25.14,97.48,34.08,110.61,42.20,125.89,48.72,144.39,52.57,166.48,52.83,190.46,49.42,212.97,43.20,231.96,35.26,247.62,26.41,260.98,17.23,273.05,8.15,284.60,-0.46,296.25,-8.22,308.50,--,--,--,--,--,--,
2024-05-02,--,--,--,--,--,--,--,--,--,--,--,--,16.19,85.36,25.39,97.30,34.33,110.42,42.47,125.71,49.00,144.25,52.87,166.45,53.13,190.56,49.69,213.17,43.45,232.20,35.48,247.86,26.62,261.21,17.44,273.27,8.37,284.80,-0.23,296.44,-7.98,308.67,--,--,--,--,--,--,
2024-05-03,--,--,--,--,--,--,--,--,--,--,--,--,16.43,85.19,25.63,97.11,34.58,110.23,42.73,125.53,49.28,144.12,53.17,166.42,53.41,190.66,49.96,213.36,43.69,232.43,35.70,248.10,26.83,261.44,17.65,273.48,8.59,285.01,-0.01,296.63,-7.74,308.84,--,--,--,--,--,--,
2024-05-04,--,--,--,--,--,--,--,--,--,--,--,--,16.67,85.01,25.87,96.93,34.83,110.04,42.99,125.35,49.56,143.99,53.45,166.38,53.70,190.76,50.22,213.55,43.92,232.66,35.92,248.33,27.04,261.66,17.86,273.69,8.80,285.20,0.22,296.81,-7.50,309.00,--,--,--,--,--,--,
2024-05-05,--,--,--,--,--,--,--,--,--,--,7.86,73.37,16.90,84.84,26.10,96.74,35.07,109.85,43.24,125.17,49.83,143.85,53.74,166.34,53.98,190.85,50.48,213.74,44.16,232.89,36.14,248.56,27.25,261.88,18.07,273.90,9.01,285.39,0.44,296.99,-7.26,309.16,--,--,--,--,--,--,
2024-05-06,--,--,--,--,--,--,--,--,--,--,8.09,73.21,17.13,84.67,26.33,96.56,35.30,109.66,43.49,124.99,50.10,143.71,54.02,166.30,54.25,190.93,50.73,213.92,44.39,233.11,36.35,248.78,27.46,262.10,18.27,274.10,9.22,285.58,0.66,297.16,-7.03,309.31,--,--,--,--,--,--,
2024-05-07,--,--,--,--,--,--,--,--,--,--,8.32,73.05,17.35,84.49,26.55,96.38,35.53,109.47,43.73,124.81,50.36,143.57,54.29,166.25,54.52,191.02,50.98,214.10,44.62,233.32,36.56,249.00,27.66,262.31,18.47,274.29,9.42,285.76,0.88,297.33,-6.80,309.46,--,--,--,--,--,--,
2024-05-08,--,--,--,--,--,--,--,--,--,--,8.54,72.89,17.57,84.32,26.77,96.19,35.75,109.28,43.97,124.63,50.61,143.42,54.56,166.20,54.79,191.10,51.23,214.27,44.84,233.53,36.77,249.22,27.86,262.51,18.67,274.49,9.63,285.94,1.09,297.49,-6.57,309.60,--,--,--,--,--,--,
2024-05-09,--,--,--,--,--,--,--,--,--,--,8.76,72.73,17.78,84.15,26.98,96.01,35.97,109.09,44.20,124.44,50.86,143.28,54.82,166.15,55.05,191.17,51.47,214.44,45.06,233.74,36.97,249.43,28.05,262.71,18.87,274.67,9.83,286.12,1.30,297.65,-6.35,309.74,--,--,--,--,--,--,
2024-05-10,--,--,--,--,--,--,--,--,--,--,8.97,72.58,17.98,83.98,27.19,95.83,36.18,108.90,44.43,124.26,51.10,143.13,55.08,166.09,55.31,191.24,51.71,214.61,45.28,233.94,37.18,249.63,28.25,262.91,19.06,274.86,10.03,286.29,1.51,297.81,-6.13,309.88,--,--,--,--,--,--,
2024-05-11,--,--,--,--,--,--,--,--,--,--,9.18,72.42,18.18,83.81,27.39,95.65,36.39,108.72,44.65,124.07,51.34,142.98,55.34,166.04,55.56,191.31,51.95,214.77,45.50,234.14,37.38,249.83,28.44,263.10,19.25,275.03,10.22,286.45,1.71,297.95,-5.91,310.01,--,--,--,--,--,--,
2024-05-12,--,--,--,--,--,--,--,--,--,--,9.38,72.27,18.38,83.65,27.59,95.47,36.59,108.53,44.86,123.89,51.58,142.83,55.59,165.97,55.81,191.37,52.18,214.92,45.71,234.33,37.57,250.02,28.63,263.28,19.44,275.21,10.42,286.61,1.92,298.10,-5.69,310.14,--,--,--,--,--,--,
2024-05-13,--,--,--,--,--,--,--,--,--,--,9.57,72.12,18.57,83.48,27.78,95.30,36.79,108.34,45.07,123.70,51.80,142.68,55.83,165.91,56.05,191.43,52.41,215.07,45.91,234.52,37.77,250.21,28.82,263.46,19.63,275.37,10.61,286.76,2.12,298.24,-5.48,310.26,--,--,--,--,--,--,
2024-05-14,--,--,--,--,--,--,--,--,--,--,9.76,71.96,18.76,83.32,27.96,95.12,36.98,108.16,45.27,123.52,52.02,142.52,56.06,165.84,56.29,191.49,52.63,215.22,46.12,234.70,37.96,250.40,29.00,263.64,19.81,275.54,10.80,286.91,2.31,298.37,-5.28,310.38,--,--,--,--,--,--,
2024-05-15,--,--,--,--,--,--,--,--,--,--,9.95,71.81,18.93,83.16,28.14,94.94,37.16,107.97,45.47,123.33,52.24,142.37,56.30,165.76,56.53,191.54,52.85,215.36,46.32,234.87,38.14,250.58,29.18,263.81,19.99,275.69,10.98,287.06,2.51,298.50,-5.07,310.49,--,--,--,--,--,--,
2024-05-16,--,--,--,--,--,--,--,--,--,--,10.13,71.67,19.11,82.99,28.31,94.77,37.34,107.79,45.66,123.15,52.45,142.21,56.52,165.69,56.75,191.58,53.06,215.50,46.52,235.04,38.33,250.75,29.36,263.97,20.17,275.85,11.16,287.20,2.70,298.63,-4.87,310.60,--,--,--,--,--,--,
2024-05-17,--,--,--,--,--,--,--,--,--,--,10.30,71.52,19.27,82.83,28.48,94.60,37.51,107.61,45.84,122.96,52.65,142.05,56.74,165.61,56.98,191.62,53.27,215.62,46.71,235.21,38.51,250.92,29.53,264.13,20.34,275.99,11.34,287.33,2.88,298.75,-4.67,310.70,--,--,--,--,--,--,
2024-05-18,--,--,--,--,--,--,--,--,--,--,10.47,71.37,19.44,82.68,28.64,94.43,37.68,107.42,46.02,122.78,52.85,141.89,56.96,165.53,57.19,191.66,53.48,215.75,46.90,235.37,38.69,251.08,29.71,264.28,20.52,276.14,11.52,287.46,3.07,298.87,-4.48,310.80,--,--,--,--,--,--,
2024-05-19,--,--,--,--,--,--,--,--,--,--,10.63,71.23,19.59,82.52,28.79,94.26,37.84,107.24,46.19,122.60,53.04,141.73,57.16,165.44,57.41,191.69,53.68,215.87,47.08,235.52,38.86,251.24,29.87,264.43,20.68,276.27,11.69,287.59,3.25,298.98,-4.29,310.89,--,--,--,--,--,--,
2024-05-20,--,--,--,--,--,--,--,--,--,--,10.78,71.09,19.74,82.37,28.94,94.09,37.99,107.07,46.36,122.42,53.22,141.57,57.37,165.35,57.61,191.71,53.88,215.98,47.26,235.66,39.03,251.39,30.04,264.57,20.85,276.40,11.86,287.71,3.42,299.08,-4.10,310.98,--,--,--,--,--,--,
2024-05-21,--,--,--,--,--,--,--,--,--,--,10.93,70.95,19.89,82.21,29.08,93.93,38.14,106.89,46.52,122.23,53.40,141.41,57.56,165.26,57.82,191.73,54.07,216.09,47.44,235.81,39.20,251.53,30.20,264.71,21.01,276.53,12.03,287.82,3.60,299.18,-3.92,311.06,--,--,--,--,--,--,
2024-05-22,--,--,--,--,--,--,--,--,--,--,11.08,70.81,20.03,82.06,29.22,93.77,38.28,106.72,46.67,122.05,53.57,141.25,57.75,165.17,58.01,191.75,54.25,216.19,47.62,235.94,39.36,251.67,30.36,264.84,21.17,276.65,12.19,287.93,3.77,299.28,-3.75,311.14,--,--,--,--,--,--,
2024-05-23,--,--,--,--,--,--,--,--,--,--,11.22,70.67,20.16,81.92,29.35,93.60,38.42,106.54,46.82,121.88,53.73,141.08,57.94,165.07,58.20,191.76,54.44,216.28,47.79,236.07,39.52,251.80,30.52,264.97,21.33,276.77,12.35,288.03,3.93,299.37,-3.57,311.22,--,--,--,--,--,--,
2024-05-24,--,--,--,--,--,--,--,--,--,--,11.35,70.54,20.28,81.77,29.48,93.45,38.55,106.37,46.96,121.70,53.89,140.92,58.11,164.97,58.39,191.76,54.61,216.37,47.95,236.19,39.68,251.93,30.67,265.09,21.48,276.88,12.51,288.13,4.10,299.46,-3.40,311.29,--,--,--,--,--,--,
2024-05-25,--,--,--,--,--,--,--,--,--,--,11.47,70.41,20.41,81.63,29.60,93.29,38.67,106.20,47.09,121.52,54.05,140.76,58.29,164.87,58.57,191.76,54.79,216.45,48.11,236.30,39.83,252.04,30.82,265.20,21.63,276.98,12.66,288.23,4.25,299.54,-3.24,311.35,--,--,--,--,--,--,
2024-05-26,--,--,--,--,--,--,--,--,--,--,11.60,70.28,20.52,81.49,29.71,93.14,38.79,106.04,47.22,121.35,54.19,140.60,58.45,164.76,58.74,191.76,54.95,216.53,48.27,236.41,39.98,252.16,30.97,265.31,21.78,277.08,12.81,288.31,4.41,299.61,-3.08,311.42,--,--,--,--,--,--,
2024-05-27,--,--,--,--,--,--,--,--,--,--,11.71,70.15,20.63,81.35,29.82,92.99,38.90,105.88,47.34,121.18,54.33,140.43,58.61,164.66,58.91,191.75,55.12,216.60,48.42,236.51,40.13,252.27,31.11,265.41,21.92,277.17,12.95,288.40,4.56,299.68,-2.92,311.47,--,--,--,--,--,--,
2024-05-28,--,--,--,--,--,--,--,--,--,--,11.82,70.02,20.73,81.21,29.92,92.84,39.00,105.72,47.46,121.01,54.46,140.27,58.76,164.55,59.07,191.73,55.28,216.66,48.57,236.61,40.27,252.37,31.25,265.51,22.06,277.26,13.10,288.48,4.70,299.75,-2.77,311.52,--,--,--,--,--,--,
2024-05-29,--,--,--,--,--,--,--,--,--,--,11.92,69.90,20.83,81.08,30.02,92.70,39.10,105.56,47.57,120.84,54.59,140.11,58.91,164.44,59.23,191.71,55.43,216.71,48.72,236.70,40.41,252.46,31.38,265.60,22.19,277.34,13.23,288.55,4.85,299.81,-2.62,311.57,--,--,--,--,--,--,
2024-05-30,--,--,--,--,--,--,--,--,--,--,12.02,69.78,20.92,80.95,30.11,92.56,39.20,105.41,47.67,120.68,54.71,139.95,59.05,164.32,59.38,191.69,55.58,216.76,48.86,236.78,40.54,252.55,31.51,265.68,22.32,277.42,13.37,288.61,4.98,299.87,-2.48,311.61,--,--,--,--,--,--,
2024-05-31,--,--,--,--,--,--,--,--,--,--,12.11,69.66,21.01,80.82,30.19,92.42,39.28,105.26,47.77,120.52,54.82,139.80,59.18,164.21,59.52,191.66,55.72,216.81,48.99,236.85,40.67,252.63,31.64,265.76,22.45,277.49,13.50,288.68,5.12,299.92,-2.34,311.65,--,--,--,--,--,--,
2024-06-01,--,--,--,--,--,--,--,--,--,--,12.19,69.55,21.09,80.70,30.27,92.28,39.37,105.11,47.86,120.36,54.93,139.64,59.30,164.09,59.66,191.63,55.86,216.84,49.12,236.92,40.80,252.70,31.76,265.83,22.58,277.55,13.62,288.73,5.25,299.97,-2.21,311.69,--,--,--,--,--,--,
2024-06-02,--,--,--,--,--,--,--,--,--,--,12.27,69.44,21.16,80.58,30.34,92.15,39.44,104.97,47.94,120.20,55.03,139.49,59.42,163.98,59.79,191.59,55.99,216.87,49.25,236.98,40.92,252.77,31.88,265.89,22.70,277.61,13.75,288.79,5.37,300.01,-2.08,311.72,--,--,--,--,--,--,
2024-06-03,--,--,--,--,--,--,--,--,--,--,12.34,69.33,21.23,80.46,30.41,92.03,39.51,104.83,48.02,120.05,55.12,139.33,59.54,163.86,59.91,191.54,56.11,216.90,49.37,237.04,41.04,252.83,32.00,265.95,22.81,277.67,13.86,288.83,5.49,300.05,-1.96,311.74,--,--,--,--,--,--,
2024-06-04,--,--,--,--,--,--,--,--,--,--,12.41,69.22,21.29,80.35,30.47,91.90,39.57,104.69,48.09,119.90,55.21,139.18,59.64,163.74,60.03,191.49,56.23,216.91,49.49,237.08,41.15,252.89,32.11,266.01,22.92,277.72,13.98,288.87,5.61,300.08,-1.84,311.76,--,--,--,--,--,--,
2024-06-05,--,--,--,--,--,--,--,--,--,--,12.47,69.12,21.35,80.24,30.52,91.78,39.63,104.56,48.16,119.76,55.29,139.03,59.74,163.62,60.15,191.44,56.35,216.92,49.60,237.12,41.26,252.94,32.22,266.06,23.03,277.76,14.08,288.91,5.72,300.10,-1.73,311.78,--,--,--,--,--,--,
2024-06-06,--,--,--,--,--,--,--,--,--,--,12.53,69.02,21.40,80.13,30.57,91.67,39.68,104.43,48.22,119.62,55.36,138.89,59.83,163.50,60.25,191.38,56.46,216.92,49.71,237.16,41.36,252.98,32.32,266.10,23.13,277.80,14.19,288.94,5.82,300.13,-1.62,311.79,--,--,--,--,--,--,
2024-06-07,--,--,--,--,--,--,--,--,--,--,12.58,68.92,21.44,80.03,30.62,91.55,39.73,104.31,48.27,119.48,55.43,138.75,59.92,163.38,60.35,191.32,56.56,216.92,49.81,237.18,41.46,253.01,32.42,266.13,23.23,277.83,14.29,288.97,5.92,300.15,-1.52,311.80,--,--,--,--,--,--,
2024-06-08,--,--,--,--,--,--,--,--,--,--,12.62,68.83,21.48,79.93,30.65,91.45,39.77,104.19,48.32,119.35,55.49,138.61,60.00,163.26,60.44,191.26,56.66,216.91,49.91,237.20,41.56,253.04,32.52,266.16,23.33,277.85,14.38,288.99,6.02,300.16,-1.42,311.80,--,--,--,--,--,--,
2024-06-09,--,--,--,--,--,--,--,--,--,--,12.66,68.74,21.51,79.83,30.68,91.34,39.80,104.07,48.36,119.22,55.54,138.47,60.07,163.14,60.53,191.19,56.75,216.89,50.00,237.21,41.65,253.06,32.61,266.18,23.42,277.87,14.47,289.00,6.11,300.17,-1.33,311.80,--,--,--,--,--,--,
2024-06-10,--,--,--,--,--,--,--,--,--,--,12.69,68.66,21.54,79.74,30.71,91.24,39.83,103.96,48.39,119.10,55.59,138.34,60.13,163.02,60.61,191.11,56.84,216.87,50.09,237.22,41.74,253.08,32.69,266.20,23.50,277.89,14.56,289.01,6.20,300.17,-1.25,311.80,--,--,--,--,--,--,
2024-06-11,--,--,--,--,--,--,--,--,--,--,12.71,68.57,21.56,79.65,30.73,91.15,39.85,103.86,48.42,118.98,55.63,138.21,60.19,162.90,60.68,191.04,56.92,216.84,50.17,237.22,41.82,253.09,32.77,266.21,23.58,277.90,14.64,289.02,6.28,300.17,-1.17,311.79,--,--,--,--,--,--,
2024-06-12,--,--,--,--,--,--,--,--,--,--,12.73,68.50,21.58,79.57,30.75,91.06,39.87,103.76,48.44,118.87,55.66,138.09,60.24,162.78,60.75,190.96,57.00,216.81,50.25,237.21,41.90,253.09,32.85,266.22,23.66,277.90,14.72,289.02,6.35,300.17,-1.09,311.78,--,--,--,--,--,--,
2024-06-13,--,--,--,--,--,--,--,--,--,--,12.75,68.42,21.59,79.49,30.76,90.98,39.88,103.67,48.46,118.76,55.69,137.97,60.28,162.66,60.81,190.87,57.06,216.77,50.32,237.19,41.97,253.09,32.92,266.22,23.73,277.90,14.79,289.01,6.43,300.16,-1.02,311.76,--,--,--,--,--,--,
2024-06-14,--,--,--,--,--,--,--,--,--,--,12.76,68.35,21.59,79.42,30.76,90.90,39.88,103.58,48.47,118.66,55.71,137.85,60.32,162.55,60.86,190.79,57.13,216.72,50.38,237.17,42.03,253.08,32.99,266.21,23.80,277.89,14.86,289.00,6.49,300.14,-0.96,311.74,--,--,--,--,--,--,
2024-06-15,--,--,--,--,--,--,--,--,--,--,12.76,68.28,21.59,79.35,30.76,90.82,39.88,103.49,48.47,118.57,55.73,137.74,60.35,162.43,60.91,190.70,57.18,216.66,50.44,237.14,42.10,253.06,33.05,266.20,23.86,277.88,14.92,288.99,6.55,300.13,-0.90,311.72,--,--,--,--,--,--,
2024-06-16,--,--,--,--,--,--,--,--,--,--,12.76,68.22,21.59,79.28,30.75,90.75,39.88,103.41,48.47,118.47,55.74,137.64,60.37,162.32,60.95,190.60,57.23,216.61,50.50,237.11,42.15,253.04,33.11,266.18,23.92,277.87,14.97,288.97,6.61,300.10,-0.85,311.69,--,--,--,--,--,--,
2024-06-17,--,--,--,--,--,--,--,--,--,--,12.75,68.16,21.58,79.22,30.74,90.68,39.87,103.34,48.47,118.39,55.74,137.54,60.39,162.21,60.98,190.51,57.28,216.54,50.55,237.07,42.20,253.01,33.16,266.16,23.97,277.84,15.02,288.95,6.65,300.08,-0.80,311.66,-6.98,323.99,--,--,--,--,
2024-06-18,--,--,--,--,--,--,--,--,--,--,12.73,68.11,21.56,79.17,30.72,90.62,39.85,103.27,48.45,118.31,55.73,137.44,60.40,162.10,61.01,190.41,57.32,216.47,50.59,237.02,42.25,252.97,33.21,266.13,24.02,277.82,15.07,288.92,6.70,300.05,-0.76,311.63,-6.95,323.95,--,--,--,--,
2024-06-19,--,--,--,--,--,--,--,--,--,--,12.72,68.06,21.54,79.12,30.70,90.57,39.83,103.21,48.44,118.24,55.72,137.35,60.40,162.00,61.03,190.31,57.35,216.39,50.63,236.96,42.29,252.93,33.25,266.09,24.06,277.78,15.11,288.89,6.74,300.01,-0.73,311.59,-6.92,323.91,--,--,--,--,
2024-06-20,--,--,--,--,--,--,--,--,--,--,12.69,68.01,21.51,79.07,30.67,90.52,39.80,103.16,48.41,118.17,55.71,137.27,60.40,161.90,61.04,190.21,57.37,216.31,50.66,236.90,42.33,252.88,33.29,266.05,24.10,277.75,15.15,288.85,6.77,299.97,-0.70,311.55,-6.90,323.86,--,--,--,--,
2024-06-21,--,--,--,--,--,--,--,--,--,--,12.66,67.97,21.48,79.03,30.64,90.48,39.77,103.11,48.38,118.11,55.68,137.19,60.39,161.80,61.05,190.11,57.39,216.23,50.69,236.84,42.36,252.83,33.32,266.01,24.13,277.70,15.18,288.81,6.80,299.93,-0.68,311.50,-6.88,323.81,--,--,--,--,
2024-06-22,--,--,--,--,--,--,--,--,--,--,12.63,67.94,21.44,78.99,30.60,90.44,39.73,103.06,48.35,118.05,55.65,137.11,60.37,161.70,61.04,190.00,57.40,216.14,50.71,236.76,42.39,252.77,33.35,265.95,24.15,277.66,15.20,288.76,6.82,299.88,-0.66,311.46,-6.87,323.76,--,--,--,--,
2024-06-23,--,--,--,--,--,--,--,--,--,--,12.59,67.90,21.40,78.96,30.56,90.41,39.69,103.03,48.31,118.01,55.62,137.05,60.35,161.61,61.04,189.90,57.41,216.04,50.73,236.69,42.41,252.71,33.37,265.90,24.17,277.60,15.22,288.71,6.83,299.83,-0.65,311.40,-6.86,323.71,--,--,--,--,
2024-06-24,--,--,--,--,--,--,--,--,--,--,12.54,67.88,21.35,78.94,30.51,90.38,39.64,102.99,48.26,117.96,55.58,136.99,60.32,161.52,61.02,189.79,57.41,215.94,50.74,236.60,42.42,252.64,33.38,265.84,24.19,277.55,15.23,288.66,6.84,299.78,-0.65,311.35,-6.87,323.66,--,--,--,--,
2024-06-25,--,--,--,--,--,--,--,--,--,--,12.49,67.85,21.30,78.91,30.46,90.36,39.59,102.97,48.21,117.93,55.53,136.93,60.28,161.44,61.00,189.69,57.40,215.84,50.74,236.51,42.43,252.56,33.39,265.77,24.20,277.49,15.24,288.60,6.84,299.72,-0.65,311.29,-6.88,323.60,--,--,--,--,
2024-06-26,--,--,--,--,--,--,--,--,--,--,12.43,67.84,21.24,78.90,30.40,90.34,39.53,102.95,48.15,117.90,55.48,136.88,60.23,161.36,60.97,189.58,57.39,215.73,50.74,236.42,42.43,252.48,33.40,265.70,24.20,277.42,15.24,288.54,6.84,299.66,-0.66,311.23,-6.89,323.54,--,--,--,--,
2024-06-27,--,--,--,--,--,--,--,--,--,--,12.37,67.82,21.18,78.89,30.34,90.33,39.47,102.94,48.09,117.88,55.42,136.84,60.18,161.28,60.93,189.47,57.37,215.62,50.73,236.32,42.43,252.39,33.40,265.62,24.20,277.35,15.24,288.47,6.83,299.60,-0.67,311.17,-6.91,323.48,--,--,--,--,
2024-06-28,--,--,--,--,--,--,--,--,--,--,12.31,67.81,21.12,78.88,30.27,90.33,39.40,102.93,48.03,117.87,55.36,136.81,60.13,161.21,60.89,189.37,57.34,215.50,50.71,236.21,42.42,252.30,33.39,265.54,24.20,277.27,15.23,288.40,6.82,299.53,-0.69,311.10,-6.94,323.41,--,--,--,--,
2024-06-29,--,--,--,--,--,--,--,--,--,--,12.24,67.81,21.05,78.88,30.20,90.33,39.33,102.93,47.96,117.86,55.29,136.78,60.06,161.15,60.84,189.26,57.31,215.39,50.69,236.11,42.41,252.21,33.38,265.45,24.19,277.20,15.21,288.33,6.80,299.46,-0.72,311.03,-6.98,323.35,--,--,--,--,
2024-06-30,--,--,--,--,--,--,--,--,--,--,12.16,67.81,20.97,78.89,30.12,90.34,39.26,102.94,47.88,117.86,55.21,136.76,59.99,161.08,60.78,189.15,57.27,215.26,50.67,235.99,42.39,252.10,33.36,265.36,24.17,277.11,15.19,288.25,6.77,299.38,-0.75,310.96,-7.02,323.28,--,--,--,--,
2024-07-01,--,--,--,--,--,--,--,--,--,--,12.08,67.82,20.89,78.90,30.04,90.35,39.18,102.95,47.80,117.86,55.13,136.74,59.91,161.03,60.72,189.05,57.22,215.14,50.63,235.87,42.36,252.00,33.34,265.27,24.14,277.02,15.17,288.17,6.74,299.31,-0.79,310.89,-7.07,323.21,--,--,--,--,
2024-07-02,--,--,--,--,--,--,--,--,--,--,11.99,67.83,20.81,78.92,29.96,90.37,39.09,102.97,47.71,117.88,55.04,136.74,59.83,160.98,60.65,188.95,57.17,215.01,50.59,235.75,42.33,251.89,33.31,265.17,24.11,276.93,15.13,288.08,6.70,299.23,-0.84,310.81,--,--,--,--,--,--,
2024-07-03,--,--,--,--,--,--,--,--,--,--,11.91,67.85,20.72,78.94,29.87,90.40,39.00,103.00,47.62,117.90,54.95,136.74,59.74,160.93,60.57,188.84,57.11,214.88,50.55,235.62,42.29,251.77,33.28,265.06,24.08,276.84,15.09,287.99,6.66,299.14,-0.89,310.73,--,--,--,--,--,--,
2024-07-04,--,--,--,--,--,--,--,--,--,--,11.81,67.87,20.62,78.97,29.78,90.43,38.91,103.03,47.53,117.93,54.85,136.74,59.65,160.89,60.48,188.74,57.04,214.75,50.49,235.49,42.25,251.65,33.24,264.96,24.04,276.74,15.05,287.90,6.61,299.06,-0.95,310.65,--,--,--,--,--,--,
2024-07-05,--,--,--,--,--,--,--,--,--,--,11.71,67.90,20.53,79.00,29.68,90.47,38.81,103.07,47.43,117.96,54.75,136.76,59.55,160.85,60.39,188.64,56.97,214.62,50.44,235.36,42.20,251.53,33.19,264.84,23.99,276.64,15.00,287.80,6.55,298.97,-1.01,310.57,--,--,--,--,--,--,
2024-07-06,--,--,--,--,--,--,--,--,--,--,11.61,67.93,20.43,79.04,29.58,90.51,38.71,103.12,47.32,118.00,54.64,136.78,59.44,160.82,60.30,188.54,56.89,214.48,50.37,235.22,42.14,251.40,33.14,264.73,23.94,276.53,14.94,287.71,6.49,298.87,-1.08,310.48,--,--,--,--,--,--,
2024-07-07,--,--,--,--,--,--,--,--,--,--,11.50,67.97,20.32,79.08,29.48,90.56,38.60,103.17,47.21,118.05,54.53,136.81,59.32,160.80,60.19,188.45,56.80,214.34,50.30,235.08,42.08,251.27,33.08,264.61,23.88,276.42,14.88,287.60,6.42,298.78,-1.16,310.40,--,--,--,--,--,--,
2024-07-08,--,--,--,--,--,--,--,--,--,--,11.39,68.01,20.21,79.13,29.37,90.62,38.49,103.23,47.10,118.11,54.41,136.84,59.20,160.78,60.08,188.36,56.71,214.20,50.22,234.93,42.01,251.13,33.02,264.49,23.82,276.31,14.81,287.50,6.35,298.68,-1.24,310.31,--,--,--,--,--,--,
2024-07-09,--,--,--,--,--,--,--,--,--,--,11.28,68.06,20.10,79.19,29.25,90.68,38.38,103.30,46.98,118.17,54.29,136.88,59.08,160.77,59.96,188.26,56.61,214.06,50.14,234.78,41.94,251.00,32.95,264.36,23.75,276.19,14.74,287.39,6.27,298.58,-1.33,310.22,--,--,--,--,--,--,
2024-07-10,--,--,--,--,--,--,--,--,--,--,11.16,68.11,19.98,79.25,29.14,90.75,38.26,103.37,46.86,118.24,54.16,136.93,58.95,160.76,59.84,188.18,56.50,213.92,50.05,234.63,41.86,250.85,32.87,264.23,23.67,276.07,14.66,287.28,6.18,298.48,-1.43,310.12,--,--,--,--,--,--,
2024-07-11,--,--,--,--,--,--,--,--,--,--,11.03,68.17,19.86,79.32,29.02,90.82,38.14,103.45,46.73,118.32,54.03,136.99,58.81,160.76,59.71,188.09,56.38,213.78,49.95,234.48,41.77,250.71,32.79,264.10,23.59,275.95,14.57,287.17,6.09,298.38,-1.53,310.03,--,--,--,--,--,--,
2024-07-12,--,--,--,--,--,--,--,--,--,--,10.91,68.23,19.73,79.39,28.89,90.90,38.01,103.54,46.60,118.40,53.89,137.05,58.67,160.76,59.57,188.01,56.26,213.64,49.85,234.32,41.68,250.56,32.70,263.96,23.50,275.82,14.48,287.05,5.99,298.27,-1.64,309.93,--,--,--,--,--,--,
2024-07-13,--,--,--,--,--,--,--,--,--,--,10.77,68.30,19.61,79.47,28.77,90.99,37.88,103.63,46.47,118.50,53.75,137.12,58.52,160.77,59.43,187.93,56.14,213.50,49.74,234.17,41.58,250.41,32.61,263.82,23.41,275.70,14.38,286.93,5.88,298.16,-1.75,309.83,--,--,--,--,--,--,
2024-07-14,--,--,--,--,--,--,--,--,--,--,10.64,68.37,19.47,79.55,28.64,91.08,37.75,103.73,46.33,118.59,53.60,137.20,58.36,160.79,59.28,187.85,56.00,213.36,49.62,234.01,41.47,250.25,32.51,263.68,23.31,275.57,14.28,286.81,5.77,298.05,-1.88,309.73,--,--,--,--,--,--,
2024-07-15,--,--,--,--,--,--,--,--,--,--,10.50,68.45,19.34,79.64,28.50,91.18,37.61,103.83,46.19,118.70,53.45,137.29,58.20,160.81,59.12,187.78,55.86,213.22,49.50,233.85,41.36,250.10,32.40,263.53,23.20,275.43,14.17,286.69,5.65,297.94,-2.00,309.63,--,--,--,--,--,--,
2024-07-16,--,--,--,--,--,--,--,--,--,--,10.36,68.54,19.20,79.74,28.36,91.29,37.47,103.94,46.04,118.81,53.29,137.38,58.04,160.84,58.96,187.71,55.72,213.07,49.37,233.68,41.25,249.94,32.29,263.38,23.09,275.30,14.05,286.57,5.53,297.82,-2.14,309.53,--,--,--,--,--,--,
2024-07-17,--,--,--,--,--,--,--,--,--,--,10.21,68.63,19.06,79.84,28.22,91.40,37.33,104.06,45.89,118.93,53.13,137.48,57.86,160.87,58.79,187.64,55.56,212.93,49.23,233.52,41.12,249.78,32.17,263.23,22.97,275.16,13.93,286.44,5.40,297.71,-2.28,309.42,--,--,--,--,--,--,
2024-07-18,--,--,--,--,--,--,--,--,--,--,10.06,68.72,18.91,79.94,28.08,91.51,37.18,104.19,45.73,119.05,52.96,137.58,57.69,160.91,58.61,187.58,55.40,212.79,49.09,233.35,40.99,249.62,32.05,263.08,22.85,275.02,13.80,286.31,5.26,297.59,-2.42,309.32,--,--,--,--,--,--,
2024-07-19,--,--,--,--,--,--,--,--,--,--,9.91,68.82,18.76,80.06,27.93,91.63,37.03,104.32,45.58,119.19,52.79,137.69,57.51,160.96,58.43,187.52,55.24,212.65,48.94,233.19,40.86,249.45,31.92,262.93,22.72,274.87,13.67,286.18,5.12,297.47,-2.57,309.21,--,--,--,--,--,--,
2024-07-20,--,--,--,--,--,--,--,--,--,--,9.75,68.93,18.61,80.17,27.78,91.76,36.88,104.45,45.41,119.32,52.62,137.81,57.32,161.01,58.24,187.46,55.07,212.52,48.79,233.02,40.72,249.28,31.78,262.77,22.58,274.73,13.53,286.04,4.97,297.35,-2.73,309.10,--,--,--,--,--,--,
2024-07-21,--,--,--,--,--,--,--,--,--,--,9.59,69.04,18.46,80.30,27.63,91.90,36.72,104.60,45.25,119.47,52.44,137.93,57.13,161.07,58.05,187.41,54.89,212.38,48.63,232.85,40.57,249.11,31.64,262.61,22.44,274.58,13.38,285.91,4.82,297.22,-2.90,309.00,--,--,--,--,--,--,
2024-07-22,--,--,--,--,--,--,--,--,--,--,9.43,69.15,18.30,80.42,27.47,92.03,36.56,104.74,45.08,119.62,52.25,138.06,56.93,161.13,57.85,187.37,54.70,212.24,48.46,232.68,40.41,248.94,31.49,262.45,22.29,274.43,13.23,285.77,4.66,297.10,-3.07,308.89,--,--,--,--,--,--,
2024-07-23,--,--,--,--,--,--,--,--,--,--,9.26,69.27,18.14,80.56,27.31,92.18,36.40,104.90,44.91,119.78,52.07,138.20,56.73,161.20,57.65,187.32,54.51,212.11,48.29,232.51,40.25,248.77,31.34,262.29,22.14,274.28,13.07,285.63,4.50,296.97,-3.24,308.78,--,--,--,--,--,--,
2024-07-24,--,--,--,--,--,--,--,--,--,--,9.10,69.40,17.98,80.69,27.15,92.33,36.23,105.06,44.73,119.94,51.87,138.34,56.52,161.27,57.44,187.28,54.31,211.98,48.11,232.34,40.09,248.60,31.18,262.12,21.98,274.13,12.91,285.49,4.32,296.85,-3.42,308.66,--,--,--,--,--,--,
2024-07-25,--,--,--,--,--,--,--,--,--,--,8.92,69.53,17.81,80.84,26.98,92.49,36.07,105.23,44.55,120.11,51.68,138.49,56.31,161.35,57.22,187.24,54.11,211.85,47.92,232.17,39.92,248.43,31.01,261.96,21.82,273.98,12.74,285.35,4.15,296.72,-3.61,308.55,--,--,--,--,--,--,
2024-07-26,--,--,--,--,--,--,--,--,--,--,8.75,69.67,17.64,80.99,26.82,92.65,35.89,105.40,44.37,120.28,51.48,138.65,56.09,161.43,57.00,187.21,53.90,211.72,47.73,232.00,39.74,248.25,30.84,261.79,21.65,273.82,12.57,285.21,3.96,296.59,-3.80,308.44,--,--,--,--,--,--,
2024-07-27,--,--,--,--,--,--,--,--,--,--,8.57,69.81,17.47,81.14,26.65,92.81,35.72,105.58,44.18,120.46,51.27,138.81,55.87,161.52,56.77,187.18,53.69,211.59,47.53,231.83,39.55,248.08,30.67,261.63,21.47,273.67,12.39,285.06,3.78,296.46,-4.00,308.32,--,--,--,--,--,--,
2024-07-28,--,--,--,--,--,--,--,--,--,--,8.39,69.95,17.29,81.30,26.47,92.99,35.54,105.76,43.99,120.65,51.07,138.97,55.64,161.62,56.54,187.16,53.47,211.47,47.33,231.67,39.36,247.90,30.48,261.46,21.29,273.51,12.20,284.92,3.58,296.33,-4.21,308.21,--,--,--,--,--,--,
2024-07-29,--,--,--,--,--,--,--,--,--,--,8.21,70.11,17.12,81.47,26.30,93.16,35.36,105.95,43.80,120.84,50.85,139.14,55.41,161.72,56.30,187.14,53.24,211.34,47.12,231.50,39.17,247.72,30.29,261.29,21.10,273.35,12.01,284.77,3.38,296.19,-4.42,308.09,--,--,--,--,--,--,
2024-07-30,--,--,--,--,--,--,--,--,--,--,8.02,70.26,16.94,81.64,26.12,93.35,35.18,106.14,43.60,121.04,50.64,139.32,55.18,161.82,56.06,187.12,53.01,211.22,46.91,231.33,38.97,247.55,30.10,261.11,20.91,273.19,11.81,284.63,3.18,296.06,-4.64,307.98,--,--,--,--,--,--,
2024-07-31,--,--,--,--,--,--,--,--,--,--,7.83,70.42,16.76,81.81,25.94,93.53,34.99,106.34,43.40,121.24,50.42,139.50,54.94,161.93,55.81,187.11,52.77,211.11,46.68,231.16,38.76,247.37,29.90,260.94,20.71,273.03,11.61,284.48,2.97,295.93,-4.86,307.86,--,--,--,--,--,--,
2024-08-01,--,--,--,--,--,--,--,--,--,--,7.64,70.59,16.57,81.99,25.76,93.73,34.80,106.54,43.20,121.45,50.20,139.69,54.69,162.04,55.56,187.10,52.52,210.99,46.46,231.00,38.55,247.19,29.70,260.77,20.50,272.87,11.40,284.33,2.75,295.79,-5.08,307.75,--,--,--,--,--,--,
2024-08-02,--,--,--,--,--,--,--,--,--,--,--,--,16.39,82.17,25.57,93.92,34.61,106.75,43.00,121.66,49.97,139.88,54.44,162.16,55.30,187.09,52.27,210.88,46.23,230.83,38.33,247.01,29.48,260.60,20.29,272.70,11.19,284.18,2.53,295.66,-5.32,307.63,--,--,--,--,--,--,
2024-08-03,--,--,--,--,--,--,--,--,--,--,--,--,16.20,82.36,25.38,94.13,34.42,106.97,42.79,121.88,49.74,140.07,54.19,162.28,55.04,187.09,52.02,210.77,45.99,230.67,38.10,246.84,29.27,260.42,20.08,272.54,10.97,284.03,2.30,295.52,-5.55,307.51,--,--,--,--,--,--,
2024-08-04,--,--,--,--,--,--,--,--,--,--,--,--,16.01,82.56,25.19,94.33,34.22,107.19,42.58,122.11,49.51,140.28,53.93,162.41,54.77,187.09,51.76,210.66,45.74,230.51,37.88,246.66,29.05,260.25,19.86,272.37,10.74,283.87,2.07,295.38,-5.80,307.39,--,--,--,--,--,--,
2024-08-05,--,--,--,--,--,--,--,--,--,--,--,--,15.81,82.76,25.00,94.55,34.02,107.41,42.36,122.33,49.27,140.48,53.67,162.54,54.50,187.10,51.50,210.56,45.50,230.34,37.64,246.48,28.82,260.07,19.63,272.21,10.51,283.72,1.83,295.24,-6.04,307.28,--,--,--,--,--,--,
2024-08-06,--,--,--,--,--,--,--,--,--,--,--,--,15.62,82.96,24.80,94.76,33.82,107.64,42.15,122.57,49.03,140.69,53.40,162.67,54.22,187.11,51.23,210.45,45.24,230.18,37.40,246.31,28.59,259.90,19.40,272.04,10.28,283.57,1.59,295.11,-6.30,307.16,--,--,--,--,--,--,
2024-08-07,--,--,--,--,--,--,--,--,--,--,--,--,15.42,83.17,24.61,94.98,33.62,107.87,41.93,122.80,48.78,140.90,53.13,162.81,53.94,187.12,50.95,210.35,44.98,230.03,37.15,246.13,28.35,259.72,19.17,271.88,10.04,283.41,1.34,294.97,-6.56,307.04,--,--,--,--,--,--,
2024-08-08,--,--,--,--,--,--,--,--,--,--,--,--,15.22,83.38,24.41,95.21,33.41,108.11,41.70,123.04,48.54,141.12,52.86,162.95,53.65,187.14,50.67,210.26,44.72,229.87,36.90,245.95,28.11,259.55,18.93,271.71,9.80,283.26,1.09,294.83,-6.82,306.92,--,--,--,--,--,--,
2024-08-09,--,--,--,--,--,--,--,--,--,--,--,--,15.02,83.60,24.21,95.44,33.20,108.35,41.48,123.29,48.28,141.34,52.58,163.09,53.36,187.16,50.38,210.16,44.45,229.71,36.65,245.78,27.86,259.37,18.68,271.54,9.55,283.10,0.83,294.69,-7.09,306.80,--,--,--,--,--,--,
2024-08-10,--,--,--,--,--,--,--,--,--,--,--,--,14.82,83.82,24.00,95.67,32.99,108.60,41.25,123.54,48.03,141.57,52.30,163.24,53.06,187.18,50.09,210.07,44.17,229.56,36.39,245.60,27.61,259.20,18.43,271.38,9.29,282.95,0.57,294.55,-7.36,306.68,--,--,--,--,--,--,
2024-08-11,--,--,--,--,--,--,--,--,--,--,--,--,14.61,84.04,23.80,95.91,32.78,108.85,41.02,123.79,47.77,141.79,52.02,163.39,52.76,187.20,49.80,209.98,43.89,229.41,36.12,245.43,27.35,259.02,18.17,271.21,9.03,282.79,0.30,294.41,-7.64,306.56,--,--,--,--,--,--,
2024-08-12,--,--,--,--,--,--,--,--,--,--,--,--,14.40,84.27,23.59,96.15,32.56,109.10,40.78,124.05,47.51,142.03,51.73,163.55,52.46,187.23,49.50,209.89,43.61,229.26,35.85,245.25,27.09,258.85,17.91,271.04,8.77,282.63,0.03,294.27,-7.92,306.44,--,--,--,--,--,--,
2024-08-13,--,--,--,--,--,--,--,--,--,--,--,--,14.19,84.50,23.38,96.40,32.34,109.36,40.55,124.31,47.25,142.26,51.44,163.70,52.15,187.26,49.20,209.81,43.32,229.11,35.58,245.08,26.82,258.67,17.65,270.87,8.50,282.48,-0.24,294.13,-8.21,306.32,--,--,--,--,--,--,
2024-08-14,--,--,--,--,--,--,--,--,--,--,--,--,13.98,84.74,23.17,96.65,32.12,109.62,40.31,124.57,46.98,142.50,51.14,163.86,51.84,187.30,48.89,209.73,43.03,228.96,35.30,244.91,26.55,258.50,17.38,270.70,8.23,282.32,-0.52,293.98,-8.50,306.20,--,--,--,--,--,--,
2024-08-15,--,--,--,--,--,--,--,--,--,--,--,--,13.77,84.98,22.96,96.90,31.90,109.89,40.06,124.83,46.71,142.74,50.84,164.02,51.52,187.33,48.58,209.65,42.73,228.81,35.01,244.74,26.27,258.32,17.11,270.53,7.95,282.16,-0.81,293.84,-8.79,306.08,--,--,--,--,--,--,
2024-08-16,--,--,--,--,--,--,--,--,--,--,--,--,13.56,85.23,22.75,97.16,31.67,110.15,39.82,125.10,46.44,142.98,50.54,164.19,51.20,187.37,48.26,209.57,42.42,228.67,34.72,244.57,25.99,258.15,16.83,270.37,7.67,282.01,-1.10,293.70,--,--,--,--,--,--,--,--,
2024-08-17,--,--,--,--,--,--,--,--,--,--,--,--,13.34,85.47,22.53,97.42,31.45,110.42,39.57,125.38,46.16,143.23,50.23,164.36,50.88,187.42,47.94,209.49,42.12,228.53,34.43,244.40,25.71,257.98,16.55,270.20,7.39,281.85,-1.39,293.56,--,--,--,--,--,--,--,--,
2024-08-18,--,--,--,--,--,--,--,--,--,--,--,--,13.13,85.73,22.31,97.69,31.22,110.70,39.32,125.65,45.88,143.48,49.92,164.53,50.55,187.46,47.61,209.42,41.81,228.39,34.13,244.23,25.42,257.80,16.26,270.03,7.10,281.69,-1.68,293.41,--,--,--,--,--,--,--,--,
2024-08-19,--,--,--,--,--,--,--,--,--,--,--,--,12.91,85.98,22.09,97.95,30.99,110.98,39.07,125.93,45.60,143.73,49.61,164.70,50.22,187.51,47.29,209.35,41.49,228.25,33.83,244.06,25.12,257.63,15.97,269.86,6.81,281.53,-1.99,293.27,--,--,--,--,--,--,--,--,
2024-08-20,--,--,--,--,--,--,--,--,--,--,--,--,12.69,86.24,21.87,98.22,30.76,111.26,38.82,126.21,45.31,143.98,49.29,164.87,49.89,187.55,46.95,209.29,41.17,228.11,33.52,243.90,24.83,257.46,15.67,269.69,6.51,281.37,-2.29,293.13,--,--,--,--,--,--,--,--,
2024-08-21,--,--,--,--,--,--,--,--,--,--,--,--,12.47,86.50,21.65,98.50,30.52,111.54,38.56,126.49,45.03,144.23,48.97,165.04,49.55,187.61,46.62,209.22,40.85,227.97,33.21,243.73,24.53,257.28,15.38,269.52,6.21,281.21,-2.60,292.99,--,--,--,--,--,--,--,--,
2024-08-22,--,--,--,--,--,--,--,--,--,--,--,--,12.24,86.77,21.42,98.77,30.28,111.83,38.30,126.78,44.74,144.49,48.65,165.22,49.21,187.66,46.28,209.16,40.52,227.84,32.90,243.57,24.22,257.11,15.07,269.36,5.90,281.06,-2.91,292.84,--,--,--,--,--,--,--,--,
2024-08-23,--,--,--,--,--,--,--,--,--,--,--,--,12.02,87.03,21.19,99.05,30.05,112.12,38.04,127.06,44.44,144.74,48.33,165.40,48.87,187.71,45.93,209.10,40.19,227.71,32.58,243.41,23.91,256.94,14.77,269.19,5.59,280.90,-3.23,292.70,--,--,--,--,--,--,--,--,
2024-08-24,--,--,--,--,--,--,--,--,--,--,--,--,11.79,87.31,20.97,99.34,29.80,112.41,37.78,127.35,44.15,145.00,48.00,165.58,48.52,187.77,45.59,209.04,39.85,227.58,32.26,243.25,23.60,256.77,14.46,269.02,5.28,280.74,-3.55,292.55,--,--,--,--,--,--,--,--,
2024-08-25,--,--,--,--,--,--,--,--,--,--,--,--,11.57,87.58,20.74,99.62,29.56,112.70,37.51,127.64,43.85,145.26,47.67,165.76,48.17,187.83,45.24,208.98,39.52,227.45,31.93,243.08,23.28,256.60,14.15,268.85,4.97,280.58,-3.87,292.41,--,--,--,--,--,--,--,--,
2024-08-26,--,--,--,--,--,--,--,--,--,--,--,--,11.34,87.86,20.50,99.91,29.32,112.99,37.24,127.94,43.55,145.52,47.33,165.94,47.82,187.89,44.88,208.93,39.17,227.32,31.60,242.92,22.96,256.43,13.83,268.68,4.65,280.42,-4.19,292.27,--,--,--,--,--,--,--,--,
2024-08-27,--,--,--,--,--,--,--,--,--,--,--,--,11.11,88.14,20.27,100.20,29.07,113.29,36.97,128.23,43.25,145.79,47.00,166.12,47.46,187.95,44.53,208.87,38.83,227.20,31.27,242.77,22.64,256.26,13.51,268.52,4.33,280.26,-4.52,292.12,--,--,--,--,--,--,--,--,
2024-08-28,--,--,--,--,--,--,--,--,--,--,--,--,10.88,88.42,20.04,100.49,28.82,113.59,36.70,128.53,42.94,146.05,46.66,166.30,47.10,188.01,44.17,208.82,38.48,227.08,30.94,242.61,22.31,256.09,13.19,268.35,4.00,280.10,-4.85,291.98,--,--,--,--,--,--,--,--,
2024-08-29,--,--,--,--,--,--,--,--,--,--,--,--,10.65,88.70,19.80,100.78,28.57,113.89,36.42,128.82,42.63,146.31,46.32,166.48,46.74,188.07,43.81,208.77,38.13,226.95,30.60,242.45,21.98,255.93,12.86,268.18,3.67,279.94,-5.19,291.83,--,--,--,--,--,--,--,--,
2024-08-30,--,--,--,--,--,--,--,--,--,--,--,--,10.41,88.99,19.56,101.08,28.32,114.19,36.15,129.12,42.32,146.57,45.97,166.67,46.38,188.14,43.44,208.73,37.78,226.83,30.26,242.30,21.65,255.76,12.53,268.01,3.34,279.78,-5.53,291.68,--,--,--,--,--,--,--,--,
2024-08-31,--,--,--,--,--,--,--,--,--,--,--,--,10.18,89.28,19.33,101.38,28.07,114.50,35.87,129.42,42.01,146.84,45.63,166.85,46.01,188.20,43.07,208.68,37.42,226.71,29.91,242.14,21.32,255.59,12.20,267.85,3.01,279.62,-5.87,291.54,--,--,--,--,--,--,--,--,
2024-09-01,--,--,--,--,--,--,--,--,--,--,--,--,9.94,89.57,19.09,101.68,27.81,114.80,35.59,129.72,41.69,147.10,45.28,167.03,45.64,188.27,42.70,208.63,37.06,226.60,29.57,241.99,20.98,255.42,11.87,267.68,2.67,279.46,-6.21,291.39,--,--,--,--,--,--,--,--,
2024-09-02,--,--,--,--,--,--,--,--,--,--,--,--,9.71,89.86,18.84,101.98,27.56,115.11,35.30,130.01,41.38,147.37,44.93,167.22,45.27,188.34,42.33,208.59,36.70,226.48,29.22,241.84,20.64,255.26,11.53,267.51,2.33,279.30,-6.55,291.25,--,--,--,--,--,--,--,--,
2024-09-03,--,--,--,--,--,--,--,--,--,--,--,--,9.47,90.16,18.60,102.28,27.30,115.42,35.02,130.31,41.06,147.63,44.58,167.40,44.90,188.40,41.96,208.55,36.33,226.37,28.86,241.68,20.30,255.09,11.19,267.35,1.99,279.14,-6.90,291.10,--,--,--,--,--,--,--,--,
2024-09-04,--,--,--,--,--,--,--,--,--,--,--,--,9.23,90.45,18.36,102.58,27.04,115.72,34.73,130.61,40.74,147.89,44.22,167.58,44.52,188.47,41.58,208.51,35.96,226.25,28.51,241.53,19.95,254.93,10.85,267.18,1.65,278.98,-7.25,290.95,--,--,--,--,--,--,--,--,
2024-09-05,--,--,--,--,--,--,--,--,--,--,--,--,8.99,90.75,18.11,102.89,26.78,116.03,34.44,130.91,40.41,148.16,43.86,167.77,44.15,188.54,41.20,208.47,35.59,226.14,28.15,241.38,19.60,254.76,10.51,267.01,1.31,278.82,-7.60,290.80,--,--,--,--,--,--,--,--,
2024-09-06,--,--,--,--,--,--,--,--,--,--,--,--,8.75,91.05,17.86,103.19,26.51,116.34,34.15,131.22,40.09,148.42,43.51,167.95,43.77,188.61,40.82,208.43,35.22,226.03,27.79,241.24,19.25,254.60,10.16,266.85,0.96,278.66,-7.96,290.66,--,--,--,--,--,--,--,--,
2024-09-07,--,--,--,--,--,--,--,--,--,--,--,--,8.51,91.35,17.62,103.50,26.25,116.65,33.86,131.52,39.76,148.68,43.15,168.13,43.39,188.68,40.43,208.39,34.85,225.92,27.43,241.09,18.90,254.44,9.81,266.68,0.61,278.50,-8.31,290.51,--,--,--,--,--,--,--,--,
2024-09-08,--,--,--,--,--,--,--,--,--,--,--,--,--,--,17.37,103.81,25.98,116.96,33.57,131.82,39.43,148.94,42.78,168.31,43.00,188.75,40.05,208.35,34.47,225.81,27.07,240.94,18.55,254.27,9.46,266.51,0.26,278.33,-8.67,290.36,--,--,--,--,--,--,--,--,
2024-09-09,--,--,--,--,--,--,--,--,--,--,--,--,--,--,17.12,104.12,25.71,117.27,33.27,132.11,39.10,149.21,42.42,168.49,42.62,188.82,39.66,208.32,34.10,225.70,26.70,240.79,18.19,254.11,9.11,266.35,-0.09,278.17,-9.03,290.21,--,--,--,--,--,--,--,--,
2024-09-10,--,--,--,--,--,--,--,--,--,--,--,--,--,--,16.87,104.43,25.44,117.58,32.97,132.41,38.77,149.46,42.05,168.67,42.23,188.89,39.28,208.28,33.72,225.59,26.34,240.65,17.83,253.95,8.76,266.18,-0.45,278.01,-9.39,290.06,--,--,--,--,--,--,--,--,
2024-09-11,--,--,--,--,--,--,--,--,--,--,--,--,--,--,16.61,104.74,25.17,117.89,32.67,132.71,38.44,149.72,41.69,168.85,41.85,188.95,38.89,208.25,33.34,225.49,25.97,240.50,17.47,253.79,8.40,266.01,-0.80,277.85,-9.75,289.91,--,--,--,--,--,--,--,--,
2024-09-12,--,--,--,--,--,--,--,--,--,--,--,--,--,--,16.36,105.05,24.90,118.20,32.37,133.01,38.10,149.98,41.32,169.03,41.46,189.02,38.49,208.21,32.96,225.38,25.60,240.36,17.11,253.62,8.05,265.85,-1.16,277.68,--,--,--,--,--,--,--,--,--,--,
2024-09-13,--,--,--,--,--,--,--,--,--,--,--,--,--,--,16.10,105.36,24.63,118.51,32.07,133.31,37.76,150.24,40.95,169.20,41.07,189.09,38.10,208.18,32.57,225.28,25.23,240.22,16.75,253.46,7.69,265.68,-1.52,277.52,--,--,--,--,--,--,--,--,--,--,
2024-09-14,--,--,--,--,--,--,--,--,--,--,--,--,--,--,15.85,105.67,24.35,118.82,31.77,133.60,37.42,150.49,40.58,169.38,40.68,189.16,37.71,208.15,32.19,225.17,24.86,240.07,16.39,253.30,7.33,265.51,-1.88,277.36,--,--,--,--,--,--,--,--,--,--,
2024-09-15,--,--,--,--,--,--,--,--,--,--,--,--,--,--,15.59,105.98,24.08,119.13,31.46,133.90,37.08,150.74,40.20,169.55,40.29,189.22,37.32,208.11,31.80,225.07,24.48,239.93,16.03,253.14,6.97,265.35,-2.24,277.19,--,--,--,--,--,--,--,--,--,--,
2024-09-16,--,--,--,--,--,--,--,--,--,--,--,--,--,--,15.33,106.29,23.80,119.44,31.16,134.19,36.74,150.99,39.83,169.72,39.89,189.29,36.92,208.08,31.42,224.97,24.11,239.79,15.66,252.98,6.62,265.18,-2.60,277.03,--,--,--,--,--,--,--,--,--,--,
2024-09-17,--,--,--,--,--,--,--,--,--,--,--,--,--,--,15.07,106.61,23.52,119.75,30.85,134.48,36.40,151.24,39.46,169.89,39.50,189.36,36.52,208.05,31.03,224.87,23.73,239.65,15.30,252.82,6.25,265.01,-2.96,276.86,--,--,--,--,--,--,--,--,--,--,
2024-09-18,--,--,--,--,--,--,--,--,--,--,--,--,--,--,14.81,106.92,23.24,120.06,30.54,134.77,36.06,151.49,39.08,170.06,39.11,189.42,36.13,208.01,30.64,224.77,23.36,239.51,14.93,252.66,5.89,264.84,-3.32,276.70,--,--,--,--,--,--,--,--,--,--,
2024-09-19,--,--,--,--,--,--,--,--,--,--,--,--,--,--,14.55,107.23,22.96,120.36,30.23,135.06,35.71,151.74,38.71,170.23,38.71,189.48,35.73,207.98,30.25,224.66,22.98,239.36,14.56,252.50,5.53,264.68,-3.68,276.53,--,--,--,--,--,--,--,--,--,--,
2024-09-20,--,--,--,--,--,--,--,--,--,--,--,--,--,--,14.29,107.54,22.68,120.67,29.92,135.35,35.37,151.98,38.33,170.39,38.32,189.55,35.33,207.95,29.87,224.56,22.60,239.22,14.20,252.34,5.17,264.51,-4.04,276.36,--,--,--,--,--,--,--,--,--,--,
2024-09-21,--,--,--,--,--,--,--,--,--,--,--,--,--,--,14.02,107.84,22.39,120.97,29.61,135.63,35.02,152.22,37.95,170.55,37.92,189.61,34.94,207.92,29.48,224.46,22.23,239.08,13.83,252.18,4.81,264.34,-4.40,276.20,--,--,--,--,--,--,--,--,--,--,
2024-09-22,--,--,--,--,--,--,--,--,--,--,--,--,--,--,13.76,108.15,22.11,121.27,29.29,135.92,34.67,152.46,37.57,170.71,37.53,189.67,34.54,207.88,29.09,224.36,21.85,238.94,13.46,252.02,4.45,264.17,-4.76,276.03,--,--,--,--,--,--,--,--,--,--,
2024-09-23,--,--,--,--,--,--,--,--,--,--,--,--,--,--,13.50,108.46,21.82,121.57,28.98,136.20,34.32,152.69,37.19,170.87,37.13,189.73,34.14,207.85,28.70,224.26,21.47,238.80,13.10,251.86,4.09,264.00,-5.13,275.86,--,--,--,--,--,--,--,--,--,--,
2024-09-24,--,--,--,--,--,--,--,--,--,--,--,--,--,--,13.23,108.76,21.54,121.87,28.66,136.47,33.97,152.93,36.81,171.03,36.73,189.79,33.74,207.82,28.31,224.16,21.10,238.66,12.73,251.70,3.72,263.83,-5.49,275.69,--,--,--,--,--,--,--,--,--,--,
2024-09-25,--,--,--,--,--,--,--,--,--,--,--,--,--,--,12.96,109.07,21.25,122.17,28.34,136.75,33.62,153.16,36.43,171.18,36.34,189.84,33.34,207.78,27.92,224.06,20.72,238.52,12.36,251.53,3.36,263.66,-5.85,275.52,--,--,--,--,--,--,--,--,--,--,
2024-09-26,--,--,--,--,--,--,--,--,--,--,--,--,--,--,12.70,109.37,20.96,122.47,28.03,137.02,33.27,153.38,36.06,171.33,35.94,189.90,32.95,207.75,27.53,223.96,20.34,238.38,12.00,251.37,3.00,263.49,-6.21,275.35,--,--,--,--,--,--,--,--,--,--,
2024-09-27,--,--,--,--,--,--,--,--,--,--,--,--,--,--,12.43,109.67,20.67,122.76,27.71,137.30,32.92,153.61,35.68,171.48,35.54,189.95,32.55,207.71,27.14,223.86,19.97,238.24,11.63,251.21,2.64,263.32,-6.57,275.17,--,--,--,--,--,--,--,--,--,--,
2024-09-28,--,--,--,--,--,--,--,--,--,--,--,--,--,--,12.16,109.97,20.38,123.05,27.39,137.56,32.57,153.83,35.30,171.62,35.15,190.00,32.15,207.67,26.76,223.76,19.59,238.10,11.27,251.05,2.28,263.15,-6.93,275.00,--,--,--,--,--,--,--,--,--,--,
2024-09-29,--,--,--,--,--,--,--,--,--,--,--,--,--,--,11.89,110.27,20.09,123.34,27.07,137.83,32.22,154.05,34.92,171.77,34.75,190.05,31.76,207.64,26.37,223.66,19.22,237.96,10.90,250.89,1.93,262.98,-7.28,274.83,--,--,--,--,--,--,--,--,--,--,
2024-09-30,--,--,--,--,--,--,--,--,--,--,--,--,--,--,11.62,110.57,19.80,123.63,26.75,138.09,31.87,154.27,34.54,171.91,34.36,190.10,31.36,207.60,25.98,223.56,18.84,237.82,10.54,250.73,1.57,262.81,-7.64,274.65,--,--,--,--,--,--,--,--,--,--,
2024-10-01,--,--,--,--,--,--,--,--,--,--,--,--,--,--,11.35,110.87,19.51,123.91,26.43,138.35,31.52,154.48,34.16,172.05,33.96,190.15,30.97,207.56,25.60,223.46,18.47,237.68,10.18,250.57,1.21,262.63,-8.00,274.47,--,--,--,--,--,--,--,--,--,--,
2024-10-02,--,--,--,--,--,--,--,--,--,--,--,--,--,--,11.08,111.16,19.22,124.19,26.11,138.61,31.16,154.69,33.78,172.18,33.57,190.19,30.57,207.52,25.21,223.35,18.10,237.54,9.81,250.40,0.86,262.46,-8.35,274.30,--,--,--,--,--,--,--,--,--,--,
2024-10-03,--,--,--,--,--,--,--,--,--,--,--,--,--,--,10.81,111.45,18.92,124.47,25.79,138.86,30.81,154.89,33.40,172.31,33.18,190.23,30.18,207.48,24.83,223.25,17.73,237.40,9.46,250.24,0.51,262.29,-8.70,274.12,--,--,--,--,--,--,--,--,--,--,
2024-10-04,--,--,--,--,--,--,--,--,--,--,--,--,--,--,10.53,111.74,18.63,124.75,25.47,139.11,30.46,155.10,33.02,172.44,32.79,190.27,29.79,207.44,24.45,223.15,17.36,237.26,9.10,250.08,0.15,262.11,-9.05,273.94,--,--,--,--,--,--,--,--,--,--,
2024-10-05,--,--,--,--,--,--,--,--,--,--,--,--,--,--,10.26,112.02,18.33,125.02,25.14,139.36,30.11,155.29,32.64,172.57,32.40,190.31,29.40,207.39,24.07,223.05,16.99,237.12,8.74,249.91,-0.20,261.94,-9.40,273.76,--,--,--,--,--,--,--,--,--,--,
2024-10-06,--,--,--,--,--,--,--,--,--,--,--,--,--,--,9.99,112.31,18.04,125.29,24.82,139.61,29.75,155.49,32.27,172.69,32.01,190.35,29.01,207.35,23.69,222.94,16.63,236.98,8.39,249.75,-0.54,261.76,-9.75,273.58,--,--,--,--,--,--,--,--,--,--,
2024-10-07,--,--,--,--,--,--,--,--,--,--,--,--,--,--,9.72,112.59,17.75,125.56,24.50,139.85,29.40,155.68,31.89,172.81,31.62,190.38,28.62,207.30,23.31,222.84,16.26,236.83,8.03,249.58,-0.89,261.58,--,--,--,--,--,--,--,--,--,--,--,--,
2024-10-08,--,--,--,--,--,--,--,--,--,--,--,--,--,--,9.44,112.87,17.45,125.82,24.18,140.08,29.05,155.87,31.52,172.92,31.23,190.41,28.24,207.26,22.94,222.73,15.90,236.69,7.68,249.42,-1.23,261.40,--,--,--,--,--,--,--,--,--,--,--,--,
2024-10-09,--,--,--,--,--,--,--,--,--,--,--,--,--,--,9.17,113.14,17.16,126.08,23.86,140.32,28.70,156.05,31.14,173.04,30.85,190.44,27.86,207.21,22.57,222.63,15.54,236.55,7.33,249.25,-1.58,261.23,--,--,--,--,--,--,--,--,--,--,--,--,
2024-10-10,--,--,--,--,--,--,--,--,--,--,--,--,--,--,8.89,113.42,16.86,126.34,23.54,140.54,28.35,156.23,30.77,173.15,30.47,190.47,27.48,207.16,22.20,222.52,15.18,236.40,6.99,249.09,-1.91,261.05,--,--,--,--,--,--,--,--,--,--,--,--,
2024-10-11,--,--,--,--,--,--,--,--,--,--,--,--,--,--,8.62,113.69,16.57,126.59,23.21,140.77,28.00,156.41,30.40,173.25,30.08,190.49,27.10,207.11,21.83,222.41,14.83,236.26,6.64,248.92,-2.25,260.87,--,--,--,--,--,--,--,--,--,--,--,--,
2024-10-12,--,--,--,--,--,--,--,--,--,--,--,--,--,--,8.35,113.95,16.27,126.84,22.89,140.99,27.65,156.58,30.03,173.36,29.70,190.51,26.72,207.06,21.46,222.30,14.47,236.11,6.30,248.75,-2.58,260.69,--,--,--,--,--,--,--,--,--,--,--,--,
2024-10-13,--,--,--,--,--,--,--,--,--,--,--,--,--,--,8.07,114.22,15.98,127.09,22.57,141.21,27.31,156.75,29.66,173.45,29.33,190.53,26.34,207.00,21.10,222.20,14.12,235.97,5.96,248.58,-2.92,260.50,--,--,--,--,--,--,--,--,--,--,--,--,
2024-10-14,--,--,--,--,--,--,--,--,--,--,--,--,--,--,--,--,15.68,127.33,22.25,141.42,26.96,156.92,29.30,173.55,28.95,190.55,25.97,206.95,20.74,222.09,13.78,235.82,5.63,248.42,-3.24,260.32,--,--,--,--,--,--,--,--,--,--,--,--,
2024-10-15,--,--,--,--,--,--,--,--,--,--,--,--,--,--,--,--,15.39,127.57,21.93,141.63,26.62,157.08,28.93,173.64,28.58,190.56,25.60,206.89,20.38,221.97,13.43,235.68,5.30,248.25,-3.57,260.14,--,--,--,--,--,--,--,--,--,--,--,--,
2024-10-16,--,--,--,--,--,--,--,--,--,--,--,--,--,--,--,--,15.09,127.81,21.61,141.84,26.27,157.23,28.57,173.73,28.21,190.57,25.23,206.83,20.02,221.86,13.09,235.53,4.97,248.08,-3.89,259.95,--,--,--,--,--,--,--,--,--,--,--,--,
2024-10-17,--,--,--,--,--,--,--,--,--,--,--,--,--,--,--,--,14.80,128.04,21.29,142.04,25.93,157.39,28.21,173.82,27.84,190.58,24.87,206.77,19.67,221.75,12.75,235.38,4.64,247.91,-4.21,259.77,--,--,--,--,--,--,--,--,--,--,--,--,
2024-10-18,--,--,--,--,--,--,--,--,--,--,--,--,--,--,--,--,14.51,128.27,20.98,142.23,25.59,157.53,27.85,173.90,27.47,190.59,24.51,206.71,19.32,221.64,12.42,235.23,4.32,247.73,-4.52,259.58,--,--,--,--,--,--,--,--,--,--,--,--,
2024-10-19,--,--,--,--,--,--,--,--,--,--,--,--,--,--,--,--,14.21,128.49,20.66,142.42,25.25,157.68,27.49,173.97,27.11,190.59,24.15,206.65,18.97,221.52,12.08,235.08,4.00,247.56,-4.84,259.40,--,--,--,--,--,--,--,--,--,--,--,--,
2024-10-20,--,--,--,--,--,--,--,--,--,--,--,--,--,--,--,--,13.92,128.71,20.35,142.61,24.91,157.82,27.14,174.05,26.75,190.59,23.80,206.58,18.63,221.41,11.76,234.93,3.68,247.39,-5.14,259.21,--,--,--,--,--,--,--,--,--,--,--,--,
2024-10-21,--,--,--,--,--,--,--,--,--,--,--,--,--,--,--,--,13.63,128.92,20.03,142.79,24.57,157.95,26.79,174.12,26.39,190.59,23.44,206.51,18.29,221.29,11.43,234.78,3.37,247.22,-5.45,259.02,--,--,--,--,--,--,--,--,--,--,--,--,
2024-10-22,--,--,--,--,--,--,--,--,--,--,--,--,--,--,--,--,13.34,129.13,19.72,142.97,24.24,158.08,26.44,174.18,26.04,190.59,23.09,206.44,17.95,221.17,11.11,234.63,3.06,247.04,-5.75,258.83,--,--,--,--,--,--,--,--,--,--,--,--,
2024-10-23,--,--,--,--,--,--,--,--,--,--,--,--,--,--,--,--,13.05,129.34,19.41,143.15,23.91,158.21,26.09,174.25,25.69,190.58,22.75,206.37,17.62,221.05,10.79,234.48,2.76,246.87,-6.04,258.64,--,--,--,--,--,--,--,--,--,--,--,--,
2024-10-24,--,--,--,--,--,--,--,--,--,--,--,--,--,--,--,--,12.76,129.54,19.10,143.31,23.58,158.33,25.75,174.31,25.34,190.57,22.41,206.30,17.29,220.93,10.48,234.32,2.46,246.69,-6.33,258.45,--,--,--,--,--,--,--,--,--,--,--,--,
2024-10-25,--,--,--,--,--,--,--,--,--,--,--,--,--,--,--,--,12.48,129.74,18.79,143.48,23.25,158.44,25.40,174.36,24.99,190.56,22.07,206.23,16.97,220.81,10.17,234.17,2.16,246.52,-6.62,258.26,--,--,--,--,--,--,--,--,--,--,--,--,
2024-10-26,--,--,--,--,--,--,--,--,--,--,--,--,--,--,--,--,12.19,129.93,18.48,143.64,22.92,158.56,25.07,174.41,24.65,190.54,21.74,206.15,16.65,220.69,9.86,234.01,1.87,246.34,-6.90,258.07,--,--,--,--,--,--,--,--,--,--,--,--,
2024-10-27,--,--,--,--,--,--,--,--,--,--,--,--,--,--,--,--,4.27,117.51,11.90,130.11,18.18,143.79,22.60,158.66,24.73,174.46,24.31,190.52,21.41,206.07,16.33,220.56,9.56,233.86,1.58,246.16,--,--,--,--,--,--,--,--,--,--,--,--,
2024-10-28,--,--,--,--,--,--,--,--,--,--,--,--,--,--,--,--,4.00,117.72,11.62,130.30,17.87,143.94,22.28,158.77,24.40,174.50,23.98,190.50,21.08,205.99,16.02,220.44,9.27,233.70,1.30,245.99,--,--,--,--,--,--,--,--,--,--,--,--,
2024-10-29,--,--,--,--,--,--,--,--,--,--,--,--,--,--,--,--,3.74,117.92,11.34,130.47,17.57,144.09,21.96,158.86,24.07,174.54,23.65,190.48,20.76,205.91,15.71,220.31,8.97,233.55,1.02,245.81,--,--,--,--,--,--,--,--,--,--,--,--,
2024-10-30,--,--,--,--,--,--,--,--,--,--,--,--,--,--,--,--,3.47,118.11,11.06,130.64,17.27,144.23,21.65,158.96,23.74,174.58,23.32,190.45,20.44,205.83,15.41,220.19,8.69,233.39,0.74,245.63,--,--,--,--,--,--,--,--,--,--,--,--,
2024-10-31,--,--,--,--,--,--,--,--,--,--,--,--,--,--,--,--,3.21,118.30,10.78,130.81,16.98,144.36,21.33,159.05,23.42,174.61,23.00,190.42,20.13,205.74,15.11,220.06,8.40,233.23,0.48,245.45,--,--,--,--,--,--,--,--,--,--,--,--,
2024-11-01,--,--,--,--,--,--,--,--,--,--,--,--,--,--,--,--,2.95,118.49,10.50,130.97,16.68,144.49,21.02,159.13,23.10,174.64,22.68,190.39,19.82,205.66,14.82,219.93,8.13,233.07,0.21,245.27,--,--,--,--,--,--,--,--,--,--,--,--,
2024-11-02,--,--,--,--,--,--,--,--,--,--,--,--,--,--,--,--,2.69,118.67,10.22,131.13,16.39,144.62,20.72,159.21,22.79,174.66,22.37,190.35,19.52,205.57,14.53,219.80,7.85,232.91,-0.05,245.09,--,--,--,--,--,--,--,--,--,--,--,--,
2024-11-03,--,--,--,--,--,--,--,--,--,--,--,--,--,--,--,--,2.43,118.84,9.95,131.28,16.10,144.74,20.41,159.29,22.48,174.68,22.06,190.31,19.22,205.48,14.24,219.67,7.59,232.75,-0.30,244.91,--,--,--,--,--,--,--,--,--,--,--,--,
2024-11-04,--,--,--,--,--,--,--,--,--,--,--,--,--,--,--,--,2.17,119.01,9.68,131.43,15.81,144.85,20.11,159.36,22.17,174.69,21.76,190.27,18.92,205.38,13.97,219.54,7.32,232.59,-0.55,244.73,--,--,--,--,--,--,--,--,--,--,--,--,
2024-11-05,--,--,--,--,--,--,--,--,--,--,--,--,--,--,--,--,1.91,119.17,9.41,131.57,15.53,144.96,19.81,159.42,21.87,174.71,21.46,190.23,18.63,205.29,13.69,219.40,7.07,232.43,-0.79,244.55,--,--,--,--,--,--,--,--,--,--,--,--,
2024-11-06,--,--,--,--,--,--,--,--,--,--,--,--,--,--,--,--,1.66,119.33,9.14,131.71,15.25,145.06,19.52,159.48,21.57,174.71,21.16,190.18,18.35,205.19,13.42,219.27,6.82,232.27,--,--,--,--,--,--,--,--,--,--,--,--,--,--,
2024-11-07,--,--,--,--,--,--,--,--,--,--,--,--,--,--,--,--,1.41,119.49,8.88,131.84,14.97,145.16,19.23,159.54,21.27,174.72,20.87,190.13,18.07,205.09,13.16,219.13,6.57,232.11,--,--,--,--,--,--,--,--,--,--,--,--,--,--,
2024-11-08,--,--,--,--,--,--,--,--,--,--,--,--,--,--,--,--,1.16,119.63,8.61,131.96,14.69,145.26,18.95,159.59,20.98,174.72,20.59,190.08,17.80,204.99,12.90,219.00,6.33,231.95,--,--,--,--,--,--,--,--,--,--,--,--,--,--,
2024-11-09,--,--,--,--,--,--,--,--,--,--,--,--,--,--,--,--,0.91,119.78,8.35,132.08,14.42,145.34,18.66,159.64,20.70,174.72,20.31,190.02,17.53,204.89,12.65,218.86,6.09,231.79,--,--,--,--,--,--,--,--,--,--,--,--,--,--,
2024-11-10,--,--,--,--,--,--,--,--,--,--,--,--,--,--,--,--,0.67,119.91,8.10,132.20,14.15,145.43,18.39,159.68,20.42,174.71,20.03,189.96,17.27,204.79,12.41,218.72,5.87,231.62,--,--,--,--,--,--,--,--,--,--,--,--,--,--,
2024-11-11,--,--,--,--,--,--,--,--,--,--,--,--,--,--,--,--,0.42,120.05,7.84,132.31,13.88,145.51,18.11,159.72,20.14,174.70,19.76,189.90,17.01,204.68,12.17,218.58,5.64,231.46,--,--,--,--,--,--,--,--,--,--,--,--,--,--,
2024-11-12,--,--,--,--,--,--,--,--,--,--,--,--,--,--,--,--,0.18,120.17,7.59,132.41,13.62,145.58,17.84,159.75,19.87,174.68,19.50,189.84,16.76,204.58,11.93,218.45,5.43,231.30,--,--,--,--,--,--,--,--,--,--,--,--,--,--,
2024-11-13,--,--,--,--,--,--,--,--,--,--,--,--,--,--,--,--,-0.06,120.29,7.34,132.51,13.36,145.65,17.58,159.78,19.60,174.66,19.24,189.77,16.51,204.47,11.70,218.31,5.22,231.14,--,--,--,--,--,--,--,--,--,--,--,--,--,--,
2024-11-14,--,--,--,--,--,--,--,--,--,--,--,--,--,--,--,--,-0.29,120.41,7.09,132.60,13.11,145.71,17.31,159.80,19.34,174.64,18.98,189.70,16.27,204.36,11.48,218.16,5.01,230.97,--,--,--,--,--,--,--,--,--,--,--,--,--,--,
2024-11-15,--,--,--,--,--,--,--,--,--,--,--,--,--,--,--,--,-0.53,120.52,6.85,132.69,12.85,145.77,17.06,159.82,19.09,174.61,18.73,189.63,16.04,204.25,11.27,218.02,4.81,230.81,--,--,--,--,--,--,--,--,--,--,--,--,--,--,
2024-11-16,--,--,--,--,--,--,--,--,--,--,--,--,--,--,--,--,-0.76,120.62,6.61,132.77,12.61,145.82,16.81,159.83,18.84,174.59,18.49,189.56,15.81,204.14,11.06,217.88,4.62,230.65,--,--,--,--,--,--,--,--,--,--,--,--,--,--,
2024-11-17,--,--,--,--,--,--,--,--,--,--,--,--,--,--,--,--,--,--,6.38,132.85,12.36,145.86,16.56,159.84,18.59,174.55,18.26,189.48,15.59,204.02,10.85,217.74,4.43,230.48,--,--,--,--,--,--,--,--,--,--,--,--,--,--,
2024-11-18,--,--,--,--,--,--,--,--,--,--,--,--,--,--,--,--,--,--,6.14,132.92,12.12,145.91,16.32,159.85,18.35,174.52,18.03,189.40,15.37,203.91,10.65,217.60,4.26,230.32,--,--,--,--,--,--,--,--,--,--,--,--,--,--,
2024-11-19,--,--,--,--,--,--,--,--,--,--,--,--,--,--,--,--,--,--,5.91,132.98,11.89,145.94,16.08,159.85,18.12,174.47,17.80,189.32,15.17,203.79,10.46,217.45,4.08,230.16,--,--,--,--,--,--,--,--,--,--,--,--,--,--,
2024-11-20,--,--,--,--,--,--,--,--,--,--,--,--,--,--,--,--,--,--,5.69,133.04,11.66,145.97,15.85,159.85,17.89,174.43,17.58,189.24,14.96,203.68,10.28,217.31,3.92,230.00,--,--,--,--,--,--,--,--,--,--,--,--,--,--,
2024-11-21,--,--,--,--,--,--,--,--,--,--,--,--,--,--,--,--,--,--,5.47,133.09,11.43,146.00,15.62,159.84,17.66,174.38,17.37,189.15,14.77,203.56,10.10,217.17,3.76,229.84,--,--,--,--,--,--,--,--,--,--,--,--,--,--,
2024-11-22,--,--,--,--,--,--,--,--,--,--,--,--,--,--,--,--,--,--,5.25,133.14,11.21,146.02,15.40,159.82,17.45,174.33,17.17,189.06,14.58,203.44,9.93,217.02,3.60,229.67,--,--,--,--,--,--,--,--,--,--,--,--,--,--,
2024-11-23,--,--,--,--,--,--,--,--,--,--,--,--,--,--,--,--,--,--,5.04,133.19,10.99,146.04,15.18,159.81,17.24,174.28,16.97,188.97,14.40,203.32,9.77,216.88,3.46,229.51,--,--,--,--,--,--,--,--,--,--,--,--,--,--,
2024-11-24,--,--,--,--,--,--,--,--,--,--,--,--,--,--,--,--,--,--,4.83,133.22,10.78,146.05,14.97,159.79,17.03,174.22,16.77,188.88,14.22,203.19,9.61,216.74,3.32,229.36,--,--,--,--,--,--,--,--,--,--,--,--,--,--,
2024-11-25,--,--,--,--,--,--,--,--,--,--,--,--,--,--,--,--,--,--,4.62,133.25,10.57,146.05,14.76,159.76,16.83,174.16,16.59,188.79,14.05,203.07,9.46,216.59,3.19,229.20,--,--,--,--,--,--,--,--,--,--,--,--,--,--,
2024-11-26,--,--,--,--,--,--,--,--,--,--,--,--,--,--,--,--,--,--,4.42,133.28,10.37,146.05,14.56,159.73,16.64,174.10,16.41,188.69,13.89,202.95,9.32,216.45,3.06,229.04,--,--,--,--,--,--,--,--,--,--,--,--,--,--,
2024-11-27,--,--,--,--,--,--,--,--,--,--,--,--,--,--,--,--,--,--,4.22,133.30,10.17,146.05,14.37,159.70,16.45,174.03,16.24,188.59,13.73,202.82,9.18,216.31,2.94,228.88,--,--,--,--,--,--,--,--,--,--,--,--,--,--,
2024-11-28,--,--,--,--,--,--,--,--,--,--,--,--,--,--,--,--,--,--,4.03,133.32,9.98,146.04,14.18,159.66,16.27,173.96,16.07,188.49,13.59,202.70,9.05,216.16,2.83,228.73,--,--,--,--,--,--,--,--,--,--,--,--,--,--,
2024-11-29,--,--,--,--,--,--,--,--,--,--,--,--,--,--,--,--,--,--,3.84,133.33,9.80,146.03,14.00,159.62,16.10,173.89,15.91,188.39,13.44,202.57,8.93,216.02,2.73,228.57,--,--,--,--,--,--,--,--,--,--,--,--,--,--,
2024-11-30,--,--,--,--,--,--,--,--,--,--,--,--,--,--,--,--,--,--,3.66,133.33,9.61,146.01,13.82,159.57,15.94,173.81,15.76,188.29,13.31,202.45,8.82,215.88,2.63,228.42,--,--,--,--,--,--,--,--,--,--,--,--,--,--,
2024-12-01,--,--,--,--,--,--,--,--,--,--,--,--,--,--,--,--,--,--,3.48,133.33,9.44,145.99,13.65,159.52,15.78,173.73,15.61,188.18,13.18,202.32,8.71,215.74,2.54,228.27,--,--,--,--,--,--,--,--,--,--,--,--,--,--,
2024-12-02,--,--,--,--,--,--,--,--,--,--,--,--,--,--,--,--,--,--,3.31,133.32,9.27,145.96,13.49,159.47,15.62,173.65,15.48,188.08,13.06,202.20,8.61,215.60,2.46,228.12,--,--,--,--,--,--,--,--,--,--,--,--,--,--,
2024-12-03,--,--,--,--,--,--,--,--,--,--,--,--,--,--,--,--,--,--,3.14,133.31,9.10,145.92,13.33,159.41,15.48,173.57,15.35,187.97,12.95,202.07,8.51,215.46,2.38,227.97,--,--,--,--,--,--,--,--,--,--,--,--,--,--,
2024-12-04,--,--,--,--,--,--,--,--,--,--,--,--,--,--,--,--,--,--,2.98,133.29,8.95,145.89,13.18,159.35,15.34,173.48,15.22,187.86,12.85,201.94,8.43,215.32,2.32,227.82,--,--,--,--,--,--,--,--,--,--,--,--,--,--,
2024-12-05,--,--,--,--,--,--,--,--,--,--,--,--,--,--,--,--,--,--,2.83,133.27,8.79,145.85,13.03,159.28,15.20,173.39,15.11,187.75,12.75,201.82,8.35,215.18,2.25,227.68,--,--,--,--,--,--,--,--,--,--,--,--,--,--,
2024-12-06,--,--,--,--,--,--,--,--,--,--,--,--,--,--,--,--,--,--,2.67,133.24,8.65,145.80,12.89,159.21,15.08,173.30,15.00,187.64,12.66,201.69,8.28,215.04,2.20,227.54,--,--,--,--,--,--,--,--,--,--,--,--,--,--,
2024-12-07,--,--,--,--,--,--,--,--,--,--,--,--,--,--,--,--,--,--,2.53,133.21,8.50,145.75,12.76,159.14,14.96,173.21,14.90,187.52,12.58,201.56,8.22,214.91,2.15,227.39,--,--,--,--,--,--,--,--,--,--,--,--,--,--,
2024-12-08,--,--,--,--,--,--,--,--,--,--,--,--,--,--,--,--,--,--,2.39,133.17,8.37,145.69,12.64,159.07,14.85,173.11,14.80,187.41,12.50,201.44,8.16,214.77,2.11,227.26,--,--,--,--,--,--,--,--,--,--,--,--,--,--,
2024-12-09,--,--,--,--,--,--,--,--,--,--,--,--,--,--,--,--,--,--,2.25,133.13,8.24,145.63,12.52,158.99,14.74,173.01,14.71,187.30,12.43,201.31,8.11,214.64,2.08,227.12,--,--,--,--,--,--,--,--,--,--,--,--,--,--,
2024-12-10,--,--,--,--,--,--,--,--,--,--,--,--,--,--,--,--,--,--,2.12,133.08,8.12,145.57,12.41,158.91,14.65,172.91,14.64,187.18,12.37,201.18,8.07,214.51,2.06,226.99,--,--,--,--,--,--,--,--,--,--,--,--,--,--,
2024-12-11,--,--,--,--,--,--,--,--,--,--,--,--,--,--,--,--,--,--,2.00,133.03,8.00,145.50,12.30,158.82,14.56,172.81,14.56,187.06,12.32,201.06,8.03,214.38,2.04,226.85,--,--,--,--,--,--,--,--,--,--,--,--,--,--,
2024-12-12,--,--,--,--,--,--,--,--,--,--,--,--,--,--,--,--,--,--,1.88,132.97,7.90,145.43,12.20,158.73,14.47,172.71,14.50,186.95,12.28,200.93,8.01,214.25,2.03,226.72,--,--,--,--,--,--,--,--,--,--,--,--,--,--,
2024-12-13,--,--,--,--,--,--,--,--,--,--,--,--,--,--,--,--,--,--,1.77,132.91,7.79,145.35,12.11,158.64,14.40,172.60,14.44,186.83,12.24,200.81,7.99,214.13,2.02,226.60,--,--,--,--,--,--,--,--,--,--,--,--,--,--,
2024-12-14,--,--,--,--,--,--,--,--,--,--,--,--,--,--,--,--,--,--,1.67,132.85,7.70,145.27,12.03,158.55,14.33,172.50,14.39,186.71,12.21,200.69,7.98,214.00,2.03,226.47,--,--,--,--,--,--,--,--,--,--,--,--,--,--,
2024-12-15,--,--,--,--,--,--,--,--,--,--,--,--,--,--,--,--,--,--,1.57,132.77,7.61,145.19,11.95,158.45,14.27,172.39,14.35,186.60,12.19,200.57,7.97,213.88,2.04,226.35,--,--,--,--,--,--,--,--,--,--,--,--,--,--,
2024-12-16,--,--,--,--,--,--,--,--,--,--,--,--,--,--,--,--,--,--,1.47,132.70,7.52,145.10,11.89,158.35,14.22,172.28,14.32,186.48,12.17,200.44,7.97,213.76,2.06,226.24,--,--,--,--,--,--,--,--,--,--,--,--,--,--,
2024-12-17,--,--,--,--,--,--,--,--,--,--,--,--,--,--,--,--,--,--,1.39,132.62,7.45,145.01,11.82,158.25,14.18,172.16,14.29,186.36,12.16,200.32,7.98,213.64,2.08,226.12,--,--,--,--,--,--,--,--,--,--,--,--,--,--,
2024-12-18,--,--,--,--,--,--,--,--,--,--,--,--,--,--,--,--,--,--,1.31,132.54,7.38,144.92,11.77,158.14,14.14,172.05,14.27,186.24,12.17,200.21,8.00,213.53,2.11,226.01,--,--,--,--,--,--,--,--,--,--,--,--,--,--,
2024-12-19,--,--,--,--,--,--,--,--,--,--,--,--,--,--,--,--,--,--,1.23,132.45,7.32,144.82,11.72,158.04,14.11,171.94,14.26,186.12,12.17,200.09,8.03,213.41,2.15,225.90,--,--,--,--,--,--,--,--,--,--,--,--,--,--,
2024-12-20,--,--,--,--,--,--,--,--,--,--,--,--,--,--,--,--,--,--,1.17,132.35,7.26,144.72,11.68,157.93,14.09,171.82,14.26,186.01,12.19,199.97,8.06,213.30,2.20,225.80,--,--,--,--,--,--,--,--,--,--,--,--,--,--,
2024-12-21,--,--,--,--,--,--,--,--,--,--,--,--,--,--,--,--,--,--,1.11,132.26,7.21,144.62,11.65,157.82,14.07,171.70,14.26,185.89,12.21,199.86,8.10,213.19,2.25,225.70,--,--,--,--,--,--,--,--,--,--,--,--,--,--,
2024-12-22,--,--,--,--,--,--,--,--,--,--,--,--,--,--,--,--,--,--,1.05,132.16,7.17,144.51,11.62,157.70,14.06,171.59,14.28,185.77,12.24,199.75,8.14,213.09,2.31,225.60,--,--,--,--,--,--,--,--,--,--,--,--,--,--,
2024-12-23,--,--,--,--,--,--,--,--,--,--,--,--,--,--,--,--,--,--,1.01,132.05,7.14,144.40,11.61,157.59,14.06,171.47,14.30,185.65,12.28,199.64,8.20,212.99,2.38,225.50,--,--,--,--,--,--,--,--,--,--,--,--,--,--,
2024-12-24,--,--,--,--,--,--,--,--,--,--,--,--,--,--,--,--,--,--,0.97,131.94,7.11,144.29,11.60,157.47,14.07,171.35,14.32,185.54,12.33,199.53,8.26,212.89,2.45,225.41,--,--,--,--,--,--,--,--,--,--,--,--,--,--,
2024-12-25,--,--,--,--,--,--,--,--,--,--,--,--,--,--,--,--,--,--,0.93,131.83,7.09,144.17,11.59,157.35,14.09,171.23,14.36,185.42,12.38,199.42,8.33,212.79,2.53,225.33,--,--,--,--,--,--,--,--,--,--,--,--,--,--,
2024-12-26,--,--,--,--,--,--,--,--,--,--,--,--,--,--,--,--,--,--,0.91,131.72,7.08,144.05,11.60,157.23,14.11,171.11,14.40,185.31,12.44,199.31,8.40,212.70,2.61,225.25,--,--,--,--,--,--,--,--,--,--,--,--,--,--,
2024-12-27,--,--,--,--,--,--,--,--,--,--,--,--,--,--,--,--,--,--,0.89,131.60,7.08,143.93,11.61,157.11,14.14,170.99,14.45,185.19,12.51,199.21,8.48,212.61,2.71,225.17,--,--,--,--,--,--,--,--,--,--,--,--,--,--,
2024-12-28,--,--,--,--,--,--,--,--,--,--,--,--,--,--,--,--,--,--,0.87,131.47,7.08,143.80,11.63,156.98,14.18,170.87,14.51,185.08,12.58,199.11,8.57,212.52,2.81,225.09,--,--,--,--,--,--,--,--,--,--,--,--,--,--,
2024-12-29,--,--,--,--,--,--,--,--,--,--,--,--,--,--,--,--,--,--,0.87,131.35,7.09,143.68,11.66,156.86,14.23,170.75,14.58,184.97,12.67,199.01,8.67,212.44,2.91,225.02,--,--,--,--,--,--,--,--,--,--,--,--,--,--,
2024-12-30,--,--,--,--,--,--,--,--,--,--,--,--,--,--,--,--,--,--,0.87,131.22,7.10,143.55,11.69,156.73,14.28,170.63,14.65,184.86,12.75,198.92,8.77,212.36,3.02,224.96,--,--,--,--,--,--,--,--,--,--,--,--,--,--,
2024-12-31,--,--,--,--,--,--,--,--,--,--,--,--,--,--,--,--,--,--,0.88,131.09,7.13,143.42,11.73,156.60,14.35,170.51,14.73,184.75,12.85,198.82,8.88,212.28,3.14,224.90,--,--,--,--,--,--,--,--,--,--,--,--,--,--,
